Depth (DAS),interval velocity,interval traveltime,fb,trace#,Depth,P wave first break ms,"P wave first break, s","Vertical travel time, s","Average velocity, m/s","Inverval velocity (11 m interval), m/s",,,,,offset (m)
0,1550,,0,1,0,,,,,,,,,,
1.021,1551,0.000658285,0.000658285,2,1,,,,,,,,,,
2.042,1552,0.000657861,0.001316146,3,2,,,,,,,,,,
3.063,1553,0.000657437,0.001973583,4,3,,,,,,,,,,
4.084,1554,0.000657014,0.002630597,5,4,,,,,,,,,,
5.105,1555,0.000656592,0.003287189,6,5,,,,,,,,,,
6.126,1556,0.00065617,0.003943358,7,6,,,,,,,,,,
7.147,1557,0.000655748,0.004599107,8,7,,,,,,,,,,
8.168,1558,0.000655327,0.005254434,9,8,,,,,,,,,,
9.189,1559,0.000654907,0.005909341,10,9,,,,,,,,,,
10.21,1560,0.000654487,0.006563828,11,10,,,,,,,,,,
11.231,1561,0.000654068,0.007217896,12,11,,,,,,,,,,
12.252,1562,0.000653649,0.007871545,13,12,,,,,,,,,,
13.273,1563,0.000653231,0.008524776,14,13,,,,,,,,,,
14.294,1564,0.000652813,0.00917759,15,14,,,,,,,,,,
15.315,1565,0.000652396,0.009829986,16,15,,,,,,,,,,
16.336,1566,0.00065198,0.010481965,17,16,,,,,,,,,,
17.357,1567,0.000651563,0.011133529,18,17,,,,,,,,,,
18.378,1568,0.000651148,0.011784677,19,18,,,,,,,,,,
19.399,1569,0.000650733,0.01243541,20,19,,,,,,,,,,
20.42,1570,0.000650318,0.013085728,21,20,,,,,,,,,,
21.441,1571,0.000649905,0.013735633,22,21,,,,,,,,,,
22.462,1572,0.000649491,0.014385124,23,22,,,,,,,,,,
23.483,1573,0.000649078,0.015034202,24,23,,,,,,,,,,
24.504,1574,0.000648666,0.015682868,25,24,,,,,,,,,,
25.525,1575,0.000648254,0.016331122,26,25,,,,,,,,,,
26.546,1576,0.000647843,0.016978964,27,26,,,,,,,,,,
27.567,1577,0.000647432,0.017626396,28,27,,,,,,,,,,
28.588,1578,0.000647022,0.018273418,29,28,,,,,,,,,,
29.609,1579,0.000646612,0.01892003,30,29,,,,,,,,,,
30.63,1580,0.000646203,0.019566232,31,30,,,,,,,,,,
31.651,1581,0.000645794,0.020212026,32,31,,,,,,,,,,
32.672,1582,0.000645386,0.020857411,33,32,,,,,,,,,,
33.693,1583,0.000644978,0.021502389,34,33,,,,,,,,,,
34.714,1584,0.000644571,0.02214696,35,34,,,,,,,,,,
35.735,1585,0.000644164,0.022791124,36,35,,,,,,,,,,
36.756,1586,0.000643758,0.023434882,37,36,,,,,,,,,,
37.777,1587,0.000643352,0.024078234,38,37,,,,,,,,,,
38.798,1588,0.000642947,0.024721181,39,38,,,,,,,,,,
39.819,1589,0.000642542,0.025363724,40,39,,,,,,,,,,
40.84,1590,0.000642138,0.026005862,41,40,,,,,,,,,,
41.861,1591,0.000641735,0.026647597,42,41,,,,,,,,,,
42.882,1592,0.000641332,0.027288929,43,42,,,,,,,,,,
43.903,1593,0.000640929,0.027929858,44,43,,,,,,,,,,
44.924,1594,0.000640527,0.028570385,45,44,,,,,,,,,,
45.945,1595,0.000640125,0.02921051,46,45,,,,,,,,,,
46.966,1596,0.000639724,0.029850234,47,46,,,,,,,,,,
47.987,1597,0.000639324,0.030489558,48,47,,,,,,,,,,
49.008,1598,0.000638924,0.031128482,49,48,,,,,,,,,,
50.029,1599,0.000638524,0.031767006,50,49,,,,,,,,,,
51.05,1600,0.000638125,0.032405131,51,50,,,,,,,,,,
52.071,1601,0.000637726,0.033042857,52,51,,,,,,,,,,
53.092,1602,0.000637328,0.033680186,53,52,,,,,,,,,,
54.113,1603,0.000636931,0.034317116,54,53,,,,,,,,,,
55.134,1604,0.000636534,0.03495365,55,54,,,,,,,,,,
56.155,1605,0.000636137,0.035589787,56,55,,,,,,,,,,
57.176,1606,0.000635741,0.036225528,57,56,,,,,,,,,,
58.197,1607,0.000635345,0.036860873,58,57,,,,,,,,,,
59.218,1608,0.00063495,0.037495824,59,58,,,,,,,,,,
60.239,1609,0.000634556,0.038130379,60,59,,,,,,,,,,
61.26,1610,0.000634161,0.038764541,61,60,,,,,,,,,,
62.281,1611,0.000633768,0.039398309,62,61,,,,,,,,,,
63.302,1612,0.000633375,0.040031683,63,62,,,,,,,,,,
64.323,1613,0.000632982,0.040664665,64,63,,,,,,,,,,
65.344,1614,0.00063259,0.041297255,65,64,,,,,,,,,,
66.365,1615,0.000632198,0.041929453,66,65,,,,,,,,,,
67.386,1616,0.000631807,0.04256126,67,66,,,,,,,,,,
68.407,1617,0.000631416,0.043192676,68,67,,,,,,,,,,
69.428,1618,0.000631026,0.043823702,69,68,,,,,,,,,,
70.449,1619,0.000630636,0.044454339,70,69,,,,,,,,,,
71.47,1620,0.000630247,0.045084586,71,70,113.6999969,0.113699997,0.044405516,1576.380722,,,,,,165
72.491,1621,0.000629858,0.045714444,72,71,113.5999985,0.113599998,0.044901837,1581.227065,,,,,,
73.512,1622,0.00062947,0.046343913,73,72,113.9000015,0.113900002,0.045553674,1580.55308,,,,,,
74.533,1623,0.000629082,0.046972995,74,73,113.9000015,0.113900002,0.046083389,1584.084884,,,,,,
75.554,1624,0.000628695,0.04760169,75,74,114,0.114,0.046650473,1586.264721,,,,,,
76.575,1625,0.000628308,0.048229998,76,75,114.0999985,0.114099998,0.047214915,1588.481087,,,,,,
77.596,1626,0.000627921,0.048857919,77,76,113.8000031,0.113800003,0.047609357,1596.324857,,,,,,
78.617,1627,0.000627535,0.049485454,78,77,113.5,0.1135,0.0479975,1604.250211,,,,,,
79.638,1628,0.00062715,0.050112604,79,78,112.4000015,0.112400002,0.04803747,1623.732488,,,,,,
80.659,1629,0.000626765,0.050739369,80,79,113.1999969,0.113199997,0.048884548,1616.052585,,,,,,
81.68,1630,0.00062638,0.051365749,81,80,114.1999969,0.114199997,0.049822433,1605.702391,,,,,,
82.701,1631,0.000625996,0.051991746,82,81,114.5,0.1145,0.05045708,1605.324753,,,,,,
83.722,1512.3841,0.000675093,0.052666839,83,82,114.5999985,0.114599998,0.051001737,1607.788364,,,,,,
84.743,1599.705486,0.000638242,0.053305081,84,83,115,0.115,0.051678466,1606.084838,1453.451184,,,,,
85.764,1627.83214,0.000627215,0.053932296,85,84,115.3000031,0.115300003,0.052309656,1605.822069,1512.3841,,,,,
86.785,1583.014252,0.000644972,0.054577268,86,85,115.5,0.1155,0.052893986,1606.987982,1599.705486,,,,,
87.806,1597.169584,0.000639256,0.055216524,87,86,115.6999969,0.115699997,0.053476379,1608.186664,1627.83214,,,,,
88.827,1612.942079,0.000633005,0.055849528,88,87,116.1999969,0.116199997,0.054196743,1605.262509,1583.014252,,,,,
89.848,1630.388022,0.000626231,0.05647576,89,88,116.6999969,0.116699997,0.054917646,1602.399356,1597.169584,,,,,
90.869,1621.586994,0.00062963,0.05710539,90,89,116.9000015,0.116900002,0.055496625,1603.701131,1612.942079,,,,,
91.89,1692.402082,0.000603285,0.057708674,91,90,117.0999985,0.117099998,0.056073584,1605.033849,1630.388022,,,,,
92.911,1665.558591,0.000613008,0.058321682,92,91,117.1999969,0.117199997,0.05660022,1607.767606,1621.586994,,,,,
93.932,1685.155871,0.000605879,0.058927561,93,92,117.6999969,0.117699997,0.0573188,1605.058028,1692.402082,,,,,
94.953,1690.531139,0.000603952,0.059531513,94,93,118,0.118,0.057939541,1605.121436,1665.558591,,,,,
95.974,1697.098263,0.000601615,0.060133128,95,94,118.1999969,0.118199997,0.058509507,1606.576528,1685.155871,,,,,
96.995,1654.872173,0.000616966,0.060750094,96,95,118.3000031,0.118300003,0.059027495,1609.419465,1690.531139,,,,,
98.016,1673.488627,0.000610103,0.061360197,97,96,118.5999985,0.118599998,0.059643178,1609.57219,1697.098263,,,,,
99.037,1693.878442,0.000602759,0.061962956,98,97,118.5999985,0.118599998,0.060105505,1613.828895,1654.872173,,,,,
100.058,1669.971558,0.000611388,0.062574343,99,98,119.3000031,0.119300003,0.060921637,1608.623869,1673.488627,,,,,
101.079,1644.30317,0.000620932,0.063195275,100,99,119.4000015,0.119400002,0.061430794,1611.569599,1693.878442,,,,,
102.1,1636.452707,0.00062391,0.063819185,101,100,119.5999985,0.119599998,0.061988884,1613.192444,1669.971558,,,,,
103.121,1696.991347,0.000601653,0.064420838,102,101,119.6999969,0.119699997,0.062492631,1616.190566,1644.30317,,,,,
104.142,1703.565341,0.000599331,0.06502017,103,102,120.5,0.1205,0.063361563,1609.808779,1636.452707,,,,,
105.163,1693.072844,0.000603046,0.065623215,104,103,120.6999969,0.120699997,0.063915083,1611.513213,1696.991347,,,,,
106.184,1683.549575,0.000606457,0.066229672,105,104,120.8000031,0.120800003,0.064413118,1614.57795,1703.565341,,,,,
107.205,1621.403879,0.000629701,0.066859373,106,105,121.0999985,0.121099998,0.065015621,1614.996487,1693.072844,,,,,
108.226,1656.406387,0.000616395,0.067475768,107,106,121.5999985,0.121599998,0.065724781,1612.785895,1683.549575,,,,,
109.247,1646.786144,0.000619996,0.068095763,108,107,121.6999969,0.121699997,0.066216283,1615.916737,1621.403879,,,,,
110.268,1666.38184,0.000612705,0.068708468,109,108,122,0.122,0.066814419,1616.41755,1656.406387,,,,,
111.289,1717.989112,0.000594299,0.069302767,110,109,122.0999985,0.122099998,0.067300836,1619.593553,1646.786144,,,,,
112.31,1612.123657,0.000633326,0.069936094,111,110,122.4000015,0.122400002,0.067895305,1620.141484,1666.38184,,,,,
113.331,1646.592935,0.000620068,0.070556162,112,111,122.5999985,0.122599998,0.068432462,1622.037223,1717.989112,,,,,
114.352,1668.431806,0.000611952,0.071168114,113,112,123.8000031,0.123800003,0.069529058,1610.837309,1612.123657,,,,,
115.373,1689.1198,0.000604457,0.071772571,114,113,123.8000031,0.123800003,0.069952248,1615.387678,1646.592935,,,,,
116.394,1677.545813,0.000608627,0.072381198,115,114,124,0.124,0.070485552,1617.352734,1668.431806,,,,,
117.415,1858.22498,0.000549449,0.072930647,116,115,124.1999969,0.124199997,0.071016647,1619.338636,1689.1198,,,,,
118.436,1847.295305,0.0005527,0.073483347,117,116,124.4000015,0.124400002,0.07154554,1621.344954,1677.545813,,,,,
119.457,1875.384399,0.000544422,0.074027768,118,117,125.1999969,0.125199997,0.072419281,1615.591844,1858.22498,,,,,
120.478,1800.987352,0.000566911,0.07459468,119,118,125.3000031,0.125300003,0.072887566,1618.931827,1847.295305,,,,,
121.499,1612.878132,0.00063303,0.07522771,120,119,125.3000031,0.125300003,0.073294488,1623.587299,1875.384399,,,,,
122.52,1581.192006,0.000645715,0.075873425,121,120,125.5,0.1255,0.073815548,1625.673766,1800.987352,,,,,
123.541,1570.771724,0.000649999,0.076523424,122,121,125.8000031,0.125800003,0.074393551,1626.485077,1612.878132,,,,,
124.562,1576.236906,0.000647745,0.077171169,123,122,126,0.126,0.074910537,1628.609332,1581.192006,,,,,
125.583,1564.872668,0.000652449,0.077823618,124,123,126.0999985,0.126099998,0.075365568,1632.045021,1570.771724,,,,,
126.604,1615.174143,0.00063213,0.078455748,125,124,126.1999969,0.126199997,0.075817792,1635.500015,1576.236906,,,,,
127.625,1636.016308,0.000624077,0.079079825,126,125,126.8000031,0.126800003,0.076569157,1632.511124,1564.872668,,,,,
128.646,2094.301999,0.000487513,0.079567339,127,126,128.1000061,0.128100006,0.077745636,1620.669738,1615.174143,,,,,
129.667,2427.835853,0.000420539,0.079987878,128,127,129.1000061,0.129100006,0.078743624,1612.829,1636.016308,,,,,
130.688,2684.277635,0.000380363,0.080368241,129,128,129.3000031,0.129300003,0.079253863,1615.063227,2094.301999,,,,,
131.709,2882.861634,0.000296459,0.080664699,130,129,129.3000031,0.129300003,0.079638712,1619.815245,2427.835853,,,,,
132.73,2809.289656,0.000243501,0.0809082,131,130,129.6000061,0.129600006,0.080205844,1620.829518,2684.277635,,,,,
133.751,2887.046304,0.000227034,0.081135234,132,131,129.6000061,0.129600006,0.080584834,1625.616065,3443.988911,,,,,
134.772,3053.83649,0.000229631,0.081364866,133,132,129.6999969,0.129699997,0.081022946,1629.168117,4193.007171,,,,,
135.793,3056.334267,0.000226568,0.081591434,134,133,127.6999969,0.127699997,0.080140429,1659.586833,4497.116095,,,,,
136.814,2973.403158,0.000269098,0.081860532,135,134,126.8000031,0.126800003,0.079936687,1676.326674,4446.262018,,,,,
137.835,2895.046573,0.000272359,0.082132891,136,135,126.8000031,0.126800003,0.080294554,1681.30955,4506.364817,,,,,
138.856,2488.710196,0.000410253,0.082543144,137,136,126.8000031,0.126800003,0.080649246,1686.314585,3794.154128,,,,,
139.877,2103.612894,0.000485355,0.083028499,138,137,127,0.127,0.081128547,1688.678093,3748.731576,,,,,
140.898,2085.84714,0.000489489,0.083517988,139,138,127,0.127,0.08147751,1693.718907,2488.710196,,,,,
141.919,2040.113266,0.000500462,0.084018451,140,139,127.0999985,0.127099998,0.081887792,1697.44471,2103.612894,,,,,
142.94,2076.381065,0.000491721,0.084510172,141,140,127.4000015,0.127400002,0.082424928,1698.515286,2085.84714,,,,,
143.961,1976.800066,0.000516491,0.085026663,142,141,128.1000061,0.128100006,0.083220467,1694.294743,2040.113266,,,,,
144.982,1958.866375,0.00052122,0.085547883,143,142,128.3000031,0.128300003,0.083690515,1696.727526,2076.381065,,,,,
146.003,1964.711148,0.000519669,0.086067552,144,143,128.5,0.1285,0.084158574,1699.173274,1976.800066,,,,,
147.024,2020.27548,0.000505377,0.086572929,145,144,128.8000031,0.128800003,0.084690413,1700.310519,1958.866375,,,,,
148.045,1947.464941,0.000524271,0.0870972,146,145,128.8999939,0.128899994,0.085088769,1704.10269,1964.711148,,,,,
149.066,1959.757191,0.000520983,0.087618183,147,146,129.1000061,0.129100006,0.085550935,1706.585678,2020.27548,,,,,
150.087,1941.197618,0.000525964,0.088144147,148,147,129.1999969,0.129199997,0.085944619,1710.403774,1947.464941,,,,,
151.108,1921.86723,0.000531254,0.088675401,149,148,129.6000061,0.129600006,0.086536191,1710.267095,1928.461662,,,,,
152.129,1854.908167,0.000550432,0.089225833,150,149,129.8000031,0.129800003,0.086992786,1712.785705,1959.757191,,,,,
153.15,1907.744281,0.000535187,0.08976102,151,150,130.1000061,0.130100006,0.087514735,1713.997085,1941.197618,,,,,
154.171,1840.335516,0.00055479,0.09031581,152,151,130.6000061,0.130600006,0.088170287,1712.59508,1921.86723,,,,,
155.192,1893.398818,0.000539242,0.090855052,153,152,131.1000061,0.131100006,0.088825395,1711.22233,1854.908167,,,,,
156.213,1847.618653,0.000552603,0.091407655,154,153,131.3999939,0.131399994,0.089344055,1712.481047,1907.744281,,,,,
157.234,1899.748548,0.00053744,0.091945095,155,154,131.6000061,0.131600006,0.089793086,1715.054098,1840.335516,,,,,
158.255,1904.609875,0.000536068,0.092481162,156,155,131.8000031,0.131800003,0.090240228,1717.637505,1893.398818,,,,,
159.276,1910.310526,0.000534468,0.09301563,157,156,132.1000061,0.132100006,0.090754208,1718.928563,1847.618653,,,,,
160.297,1890.394004,0.000540099,0.093555729,158,157,132.5,0.1325,0.091335721,1718.933164,1899.748548,,,,,
161.318,1920.882009,0.000531527,0.094087256,159,158,132.6999969,0.132699997,0.091777984,1721.545775,1904.609875,,,,,
162.339,1873.633724,0.00054493,0.094632186,160,159,133.1999969,0.133199997,0.092426578,1720.284405,1910.310526,,,,,
163.36,1806.247094,0.00056526,0.095197447,161,160,133.3000031,0.133300003,0.092796242,1724.207753,1890.394004,,,,,
164.381,1881.828697,0.000542557,0.095740004,162,161,134,0.134,0.093582659,1720.404196,1920.882009,,,,,
165.402,1913.77129,0.000533502,0.096273506,163,162,134.3000031,0.134300003,0.09408925,1721.769492,1873.633724,,,,,
166.423,2027.093289,0.000503677,0.096777183,164,163,134.6000061,0.134600006,0.094594474,1723.145062,1806.247094,,,,,
167.444,2032.689285,0.00050229,0.097279473,165,164,134.8000031,0.134800003,0.095027837,1725.810092,1881.828697,,,,,
168.465,1979.883055,0.000515687,0.09779516,166,165,135.1000061,0.135100006,0.09553013,1727.203755,1913.77129,,,,,
169.486,2014.856764,0.000506736,0.098301896,167,166,135.3000031,0.135300003,0.09596015,1729.884756,2027.093289,,,,,
170.507,1934.895068,0.000527677,0.098829573,168,167,135.8999939,0.135899994,0.096672944,1727.474036,2032.689285,,,,,
171.528,1940.349275,0.000526194,0.099355767,169,168,136.3999939,0.136399994,0.097314325,1726.364545,1979.883055,,,,,
172.549,2091.357083,0.0004882,0.099843967,170,169,136.6000061,0.136600006,0.097740558,1729.06728,2014.856764,,,,,
173.57,2161.918055,0.000472266,0.100316232,171,170,136.6000061,0.136600006,0.098021527,1734.312915,1934.895068,,,,,
174.591,2102.221468,0.000485677,0.100801909,172,171,136.8999939,0.136899994,0.098515832,1735.761627,1940.349275,,,,,
175.612,1987.034918,0.000513831,0.10131574,173,172,137.1999969,0.137199997,0.099008841,1737.2186,2091.357083,,,,,
176.633,1907.683991,0.000535204,0.101850944,174,173,137.6999969,0.137699997,0.099645277,1736.158555,2161.918055,,,,,
177.654,1911.970138,0.000534004,0.102384948,175,174,137.8000031,0.137800003,0.099990969,1740.157155,2102.221468,,,,,
178.675,1942.476637,0.000525618,0.102910566,176,175,138.3999939,0.138399994,0.100698369,1737.863295,1987.034918,,,,,
179.696,1948.390518,0.000524022,0.103434588,177,176,138.6000061,0.138600006,0.101113861,1740.612003,1907.683991,,,,,
180.717,2039.802835,0.000500539,0.103935127,178,177,138.6999969,0.138699997,0.101454528,1744.62396,1911.970138,,,,,
181.738,2077.485034,0.00049146,0.104426586,179,178,139,0.139,0.101939847,1746.127793,1942.476637,,,,,
182.759,2052.341935,0.00049748,0.104924067,180,179,139.3999939,0.139399994,0.10249743,1746.385246,1948.390518,,,,,
183.78,2026.107705,0.000503922,0.105427989,181,180,139.8000031,0.139800003,0.103054151,1746.654532,2039.802835,,,,,
184.801,2030.221718,0.000502901,0.105930889,182,181,140.3999939,0.140399994,0.10375779,1744.447335,2077.485034,,,,,
185.822,2132.617847,0.000478754,0.106409644,183,182,140.6999969,0.140699997,0.104239048,1745.98678,2052.341935,,,,,
186.843,2207.097201,0.000462599,0.106872242,184,183,141.1000061,0.141100006,0.104793344,1746.294116,2026.107705,,,,,
187.864,1980.510193,0.000515524,0.107387766,185,184,141.1999969,0.141199997,0.10512341,1750.323735,2030.221718,,,,,
188.885,2014.649327,0.000506788,0.107894554,186,185,141.5,0.1415,0.105600804,1751.880602,2132.617847,,,,,
189.906,1990.050978,0.000513052,0.108407606,187,186,141.6000061,0.141600006,0.105927373,1755.920062,2207.097201,,,,,
190.927,2025.303135,0.000504122,0.108911728,188,187,141.8000031,0.141800003,0.10632701,1758.725273,1980.510193,,,,,
191.948,2000.229926,0.000510441,0.109422169,189,188,142.1999969,0.142199997,0.106875419,1759.057435,2014.649327,,,,,
192.969,2005.295815,0.000509152,0.109931321,190,189,142.6000061,0.142600006,0.107423001,1759.399745,1990.050978,,,,,
193.99,2072.989712,0.000492525,0.110423847,191,190,142.6999969,0.142699997,0.107743224,1763.451969,2025.303135,,,,,
195.011,2044.385781,0.000499417,0.110923263,192,191,143.1000061,0.143100006,0.108288628,1763.804785,2000.229926,,,,,
196.032,1957.449237,0.000521597,0.11144486,193,192,144.1000061,0.144100006,0.109288252,1756.821948,2005.295815,,,,,
197.053,1990.97483,0.000512814,0.111957674,194,193,144.3999939,0.144399994,0.109756987,1758.430195,2072.989712,,,,,
198.074,2087.199282,0.000489172,0.112446847,195,194,144.6000061,0.144600006,0.110148407,1761.260149,2044.385781,,,,,
199.095,2091.969847,0.000488057,0.112934903,196,195,144.8000031,0.144800003,0.110538336,1764.093854,1957.449237,,,,,
200.116,2097.433466,0.000486785,0.113421689,197,196,145,0.145,0.110926799,1766.931007,1990.97483,,,,,
201.137,2036.165174,0.000501433,0.113923122,198,197,145.1999969,0.145199997,0.111313806,1769.771494,2087.199282,,,,,
202.158,2009.118401,0.000508183,0.114431305,199,198,145.3999939,0.145399994,0.111699369,1772.6152,2091.969847,,,,,
203.179,2013.850159,0.000506989,0.114938294,200,199,145.8999939,0.145899994,0.112314445,1771.811269,2097.433466,,,,,
204.2,1987.138272,0.000513804,0.115452098,201,200,146.3000031,0.146300003,0.112851913,1772.234025,2036.165174,,,,,
205.221,2053.998012,0.000497079,0.115949177,202,201,146.6000061,0.146600006,0.113311293,1773.874382,2009.118401,,,,,
206.242,2091.474711,0.000488172,0.11643735,203,202,147.3000031,0.147300003,0.114079361,1770.697148,2013.850159,,,,,
207.263,2028.941221,0.000503218,0.116940568,204,203,147.6000061,0.147600006,0.114537171,1772.350399,1987.138272,,,,,
208.284,1998.548695,0.000510871,0.117451439,205,204,147.8000031,0.147800003,0.114916139,1775.207574,2053.998012,,,,,
209.305,2034.624902,0.000501812,0.117953251,206,205,148.1999969,0.148199997,0.115449529,1775.667697,2091.474711,,,,,
210.326,2039.266024,0.00050067,0.118453921,207,206,148.5,0.1485,0.115904106,1777.331339,2028.941221,,,,,
211.347,2076.33897,0.000491731,0.118945652,208,207,148.6999969,0.148699997,0.116279418,1780.194663,1998.548695,,,,,
212.368,2046.71125,0.000498849,0.119444501,209,208,149,0.149,0.116731732,1781.863396,2034.624902,,,,,
213.389,1986.434091,0.000513986,0.119958488,210,209,149.3000031,0.149300003,0.117182999,1783.535165,2039.266024,,,,,
214.41,2022.151328,0.000504908,0.120463395,211,210,149.6000061,0.149600006,0.117633228,1785.209868,2076.33897,,,,,
215.431,1993.686837,0.000512117,0.120975512,212,211,150.1000061,0.150100006,0.118239972,1784.50651,2046.71125,,,,,
216.452,2063.226931,0.000494856,0.121470368,213,212,150.8999939,0.150899994,0.119082992,1780.271017,1986.434091,,,,,
217.473,1772.566264,0.000576001,0.122046369,214,213,151.1000061,0.151100006,0.119452081,1783.141804,2022.151328,,,,,
218.494,1969.075083,0.000518518,0.122564886,215,214,151.3000031,0.151300003,0.119819864,1786.01438,1993.686837,,,,,
219.515,1973.023411,0.00051748,0.123082366,216,215,151.6000061,0.151600006,0.120265699,1787.708402,2063.226931,,,,,
220.536,2008.922531,0.000508233,0.123590599,217,216,152,0.152,0.120789993,1788.227604,1772.566264,,,,,
221.557,2012.477505,0.000507335,0.124097934,218,217,152.3999939,0.152399994,0.121313565,1788.752977,1969.075083,,,,,
222.578,1954.664274,0.00052234,0.124620274,219,218,152.6000061,0.152600006,0.12167696,1791.629243,1973.023411,,,,,
223.599,1958.364193,0.000521353,0.125141628,220,219,153,0.153,0.122198832,1792.161153,2008.922531,,,,,
224.62,2025.522257,0.000504068,0.125645695,221,220,153.1000061,0.153100006,0.122480005,1796.211555,2012.477505,,,,,
225.641,1904.397118,0.000536128,0.126181823,222,221,154.6000061,0.154600006,0.12388151,1783.962754,2015.491444,,,,,
226.662,2292.058765,0.000445451,0.126627274,223,222,154.6999969,0.154699997,0.124161519,1787.993591,1954.664274,,,,,
227.683,2298.259172,0.000444249,0.127071523,224,223,154.8999939,0.154899994,0.124520445,1790.870567,1958.364193,,,,,
228.704,2261.267695,0.000451517,0.12752304,225,224,155,0.155,0.124797657,1794.905497,2025.522257,,,,,
229.725,2147.753984,0.00047538,0.12799842,226,225,155.3000031,0.155300003,0.125234698,1796.626678,1904.397118,,,,,
230.746,2271.736087,0.000449436,0.128447856,227,226,155.6999969,0.155699997,0.125751562,1797.194373,2292.058765,,,,,
231.767,2012.901926,0.000507228,0.128955084,228,227,156.3000031,0.156300003,0.126429533,1795.466573,2298.259172,,,,,
232.788,1981.945214,0.00051515,0.129470235,229,228,156.5,0.1565,0.126783263,1798.344634,2261.267695,,,,,
233.809,1953.620602,0.000522619,0.129992854,230,229,156.6999969,0.156699997,0.127135831,1801.223141,2147.753984,,,,,
234.83,1957.001348,0.000521717,0.13051457,231,230,157.1999969,0.157199997,0.127731011,1800.65905,2271.736087,,,,,
235.851,2024.398342,0.000504347,0.131018918,232,231,157.6000061,0.157600006,0.1282444,1801.248241,2012.901926,,,,,
236.872,2061.615172,0.000495243,0.131514161,233,232,157.6999969,0.157699997,0.128512638,1805.269918,1981.945214,,,,,
237.893,2065.9237,0.00049421,0.132008371,234,233,158,0.158,0.128942743,1807.003591,1953.620602,,,,,
238.914,1876.502112,0.000544097,0.132552468,235,234,158.3999939,0.158399994,0.129453683,1807.596306,1957.001348,,,,,
239.935,1794.810691,0.000568862,0.13312133,236,235,158.3999939,0.158399994,0.129636618,1812.759415,2024.398342,,,,,
240.956,1771.620481,0.000576309,0.133697639,237,236,159.5,0.1595,0.130719514,1805.392268,2061.615172,,,,,
241.977,2041.099123,0.000500221,0.134197859,238,237,160.1999969,0.160199997,0.131475081,1802.622963,2065.9237,,,,,
242.998,2191.271688,0.000465939,0.134663799,239,238,160.5,0.1605,0.131901964,1804.370407,1876.502112,,,,,
244.019,2045.533323,0.000499136,0.135162935,240,239,160.6999969,0.160699997,0.132245689,1807.242276,1794.810691,,,,,
245.04,1949.201537,0.000523804,0.135686739,241,240,161,0.161,0.13267075,1808.98955,1771.620481,,,,,
246.061,1890.292113,0.000540128,0.136226868,242,241,161.3000031,0.161300003,0.133094966,1810.737157,2041.099123,,,,,
247.082,1923.136251,0.000530904,0.136757771,243,242,161.3999939,0.161399994,0.133353088,1814.731128,2191.271688,,,,,
248.103,1926.431373,0.000529996,0.137287767,244,243,162.3000031,0.162300003,0.134271807,1809.761892,2045.533323,,,,,
249.124,2133.203357,0.000478623,0.13776639,245,244,163,0.163,0.135025302,1807.068727,1949.201537,,,,,
250.145,2134.682155,0.000478291,0.138244681,246,245,163.1000061,0.163100006,0.135281168,1811.04291,1890.292113,,,,,
251.166,1930.903775,0.000528768,0.138773449,247,246,163.3000031,0.163300003,0.135618835,1813.907335,1923.136251,,,,,
252.187,1933.769163,0.000527984,0.139301433,248,247,163.6000061,0.163600006,0.136038641,1815.660596,1926.431373,,,,,
253.208,1968.316128,0.000518717,0.139820151,249,248,164.3000031,0.164300003,0.136790664,1812.989221,2133.203357,,,,,
254.229,2002.583852,0.000509841,0.140329992,250,249,164.8000031,0.164800003,0.137375995,1812.543744,2134.682155,,,,,
255.25,2004.49726,0.000509355,0.140839347,251,250,165.3000031,0.165300003,0.137960937,1812.107141,1930.903775,,,,,
256.271,2152.251816,0.000474387,0.141313734,252,251,165.5,0.1655,0.138294805,1814.963326,1933.769163,,,,,
257.292,1975.913826,0.000516723,0.141830457,253,252,165.6000061,0.165600006,0.138544033,1818.916295,1968.316128,,,,,
258.313,1915.064291,0.000533141,0.142363598,254,253,165.8999939,0.165899994,0.138959593,1820.673152,2002.583852,,,,,
259.334,1949.007377,0.000523856,0.142887454,255,254,166.6000061,0.166600006,0.13970984,1818.053763,2004.49726,,,,,
260.355,2164.751002,0.000471648,0.143359102,256,255,167.3000031,0.167300003,0.14046009,1815.462316,2152.251816,,,,,
261.376,2206.772468,0.000462667,0.143821769,257,256,167.5,0.1675,0.140790083,1818.309884,1975.913826,,,,,
262.397,2020.775492,0.000505252,0.14432702,258,257,167.6999969,0.167699997,0.141119126,1821.156407,1915.064291,,,,,
263.418,1989.505046,0.000513193,0.144840213,259,258,168.3000031,0.168300003,0.141784213,1819.666622,1949.007377,,,,,
264.439,2175.289347,0.000469363,0.145309576,260,259,168.8000031,0.168800003,0.142364777,1819.270227,2164.751002,,,,,
265.46,1995.799518,0.000511574,0.145821151,261,260,168.8999939,0.168899994,0.142607234,1823.189419,2206.772468,,,,,
266.481,1869.29104,0.000546196,0.146367347,262,261,169.6000061,0.169600006,0.143355755,1820.645431,2020.775492,,,,,
267.502,1901.723977,0.000536881,0.146904228,263,262,169.8999939,0.169899994,0.14376579,1822.408513,1989.505046,,,,,
268.523,1904.139017,0.0005362,0.147440429,264,263,170.1000061,0.170100006,0.14409041,1825.242918,2175.289347,,,,,
269.544,1846.518212,0.000552933,0.147993361,265,264,170.1999969,0.170199997,0.144329309,1829.150311,2137.891699,,,,,
270.565,1877.258158,0.000543878,0.14853724,266,265,170.8000031,0.170800003,0.144991595,1827.692155,1995.799518,,,,,
271.586,2042.647393,0.000499842,0.149037081,267,266,171.5,0.1715,0.145738679,1825.184657,1869.29104,,,,,
272.607,2119.618678,0.00048169,0.149518771,268,267,171.8000031,0.171800003,0.146145502,1826.946415,1901.723977,,,,,
273.628,2048.312242,0.000498459,0.150017231,269,268,171.8999939,0.171899994,0.146381303,1830.834916,1904.139017,,,,,
274.649,1946.682646,0.000524482,0.150541713,270,269,172.5,0.1725,0.147042282,1829.405772,1846.518212,,,,,
275.67,1948.172897,0.000524081,0.151065793,271,270,173,0.173,0.147617757,1829.048247,1877.258158,,,,,
276.691,2250.147837,0.000453748,0.151519541,272,271,174.1000061,0.174100006,0.148705377,1822.395439,2042.647393,,,,,
277.712,1856.468635,0.000549969,0.15206951,273,272,174.3000031,0.174300003,0.149024177,1825.207195,2119.618678,,,,,
278.733,1858.561666,0.00054935,0.15261886,274,273,174.5,0.1745,0.149342127,1828.017353,2048.312242,,,,,
279.754,1860.372677,0.000548815,0.153167675,275,274,174.8000031,0.174800003,0.149744907,1829.77843,1946.682646,,,,,
280.775,1956.161,0.000521941,0.153689615,276,275,175.3000031,0.175300003,0.150318512,1829.448652,1948.172897,,,,,
281.796,1834.070234,0.000556685,0.154246301,277,276,175.5,0.1755,0.150634286,1832.252187,2250.147837,,,,,
282.817,1807.518373,0.000564863,0.154811163,278,277,175.6000061,0.175600006,0.150863331,1836.098923,1856.468635,,,,,
283.838,1727.752727,0.000590941,0.155402104,279,278,175.8999939,0.175899994,0.151263371,1837.854059,1858.561666,,,,,
284.859,1898.695911,0.000537738,0.155939842,280,279,176.8000031,0.176800003,0.152179226,1833.364556,1860.372677,,,,,
285.88,1839.234171,0.000555122,0.156494964,281,280,177.3000031,0.177300003,0.152750772,1833.051294,1956.161,,,,,
286.901,1756.509569,0.000581266,0.157076231,282,281,177.6000061,0.177600006,0.153149529,1834.808124,1834.070234,,,,,
287.922,2110.465251,0.00048378,0.15756001,283,282,178.8999939,0.178899994,0.154410748,1826.297741,1807.518373,,,,,
288.943,2113.239761,0.000483144,0.158043155,284,283,179.1000061,0.179100006,0.154722632,1829.079536,1727.752727,,,,,
289.964,2004.695709,0.000509304,0.158552459,285,284,179.3999939,0.179399994,0.155120174,1830.83859,1898.695911,,,,,
290.985,2042.858014,0.00049979,0.159052249,286,285,179.6000061,0.179600006,0.155430566,1833.616174,1839.234171,,,,,
292.006,2244.473828,0.000454895,0.159507144,287,286,180.1999969,0.180199997,0.15608664,1832.315694,1756.509569,,,,,
293.027,2247.615106,0.000454259,0.159961403,288,287,180.3999939,0.180399994,0.156395778,1835.087896,2110.465251,,,,,
294.048,2085.163153,0.00048965,0.160451053,289,288,181,0.181,0.157051236,1833.796455,2113.239761,,,,,
295.069,1945.206512,0.00052488,0.160975933,290,289,181.3000031,0.181300003,0.157445999,1835.549975,2004.695709,,,,,
296.09,2050.874601,0.000497836,0.16147377,291,290,182,0.182,0.158187817,1833.263804,2042.858014,,,,,
297.111,2169.217118,0.000470677,0.161944446,292,291,182.6000061,0.182600006,0.158842638,1832.00181,2244.473828,,,,,
298.132,2054.513798,0.000496955,0.162441401,293,292,182.8000031,0.182800003,0.15914904,1834.758166,2247.615106,,,,,
299.153,2094.736133,0.000487412,0.162928813,294,293,183,0.183,0.159454703,1837.512441,2085.163153,,,,,
300.174,1828.731729,0.00055831,0.163487124,295,294,183.6000061,0.183600006,0.160108462,1836.255227,1945.206512,,,,,
301.195,1746.240624,0.000584685,0.164071808,296,295,183.6999969,0.183699997,0.160325669,1840.004797,2050.874601,,,,,
302.216,1695.503396,0.000602181,0.164673989,297,296,183.8000031,0.183800003,0.160542027,1843.75397,2169.217118,,,,,
303.237,1925.509573,0.000530249,0.165204238,298,297,184,0.184,0.160844939,1846.498884,2054.513798,,,,,
304.258,2066.657234,0.000494035,0.165698273,299,298,185,0.185,0.161847024,1841.244855,2094.736133,,,,,
305.279,2068.404225,0.000493617,0.16619189,300,299,185.6999969,0.185699997,0.162586842,1839.017211,2176.204705,,,,,
306.3,2033.21987,0.000502159,0.166694049,301,300,186.1000061,0.186100006,0.163063786,1839.770849,1828.731729,,,,,
307.321,1963.943678,0.000519872,0.167213922,302,301,186.3999939,0.186399994,0.163452596,1841.512509,1746.240624,,,,,
308.342,1868.653226,0.000546383,0.167760305,303,302,186.8999939,0.186899994,0.164016371,1841.27961,1695.503396,,,,,
309.363,1809.980428,0.000564094,0.168324399,304,303,187,0.187,0.164228574,1844.989536,1925.509573,,,,,
310.384,2038.405786,0.000500882,0.168825281,305,304,187.3999939,0.187399994,0.164703618,1845.739663,2066.657234,,,,,
311.405,2003.776989,0.000509538,0.169334818,306,305,188.5,0.1885,0.16579394,1839.632985,2068.404225,,,,,
312.426,1872.097701,0.000545378,0.169880196,307,306,188.8999939,0.188899994,0.166268615,1840.395437,2033.21987,,,,,
313.447,1873.763198,0.000544893,0.170425089,308,307,189.3000031,0.189300003,0.166742892,1841.157941,1963.943678,,,,,
314.468,1875.202214,0.000544475,0.170969563,309,308,189.5,0.1895,0.167040454,1843.864717,1868.653226,,,,,
315.489,1941.16594,0.000525973,0.171495536,310,309,189.8000031,0.189800003,0.167425573,1845.596188,1809.980428,,,,,
316.51,1909.518077,0.00053469,0.172030226,311,310,190.1999969,0.190199997,0.167898431,1846.354361,2038.405786,,,,,
317.531,1943.159759,0.000525433,0.172555659,312,311,190.6000061,0.190600006,0.168370903,1847.112501,2003.776989,,,,,
318.552,1818.524456,0.000561444,0.173117103,313,312,191.3000031,0.191300003,0.169108167,1844.972988,1872.097701,,,,,
319.573,1912.218292,0.000533935,0.173651038,314,313,191.6999969,0.191699997,0.169580021,1845.736293,1873.763198,,,,,
320.594,1913.464652,0.000533587,0.174184625,315,314,192.3000031,0.192300003,0.170228539,1844.579064,1875.202214,,,,,
321.615,1821.170019,0.000560629,0.174745253,316,315,192.6999969,0.192699997,0.170699734,1845.345581,1941.16594,,,,,
322.636,1948.200104,0.000524073,0.175269327,317,316,193.1999969,0.193199997,0.17125919,1845.156454,1909.518077,,,,,
323.657,1916.548342,0.000532729,0.175802055,318,317,194,0.194,0.172084494,1842.118329,1943.159759,,,,,
324.678,1917.984532,0.00053233,0.176334385,319,318,194.1999969,0.194199997,0.172377308,1844.790383,1818.524456,,,,,
325.699,1855.889917,0.00055014,0.176884525,320,319,194.5,0.1945,0.172758332,1846.510076,1912.218292,,,,,
326.72,1888.170527,0.000540735,0.17742526,321,320,194.6999969,0.194699997,0.173049974,1849.176817,1913.464652,,,,,
327.741,1888.920454,0.00054052,0.177965781,322,321,195.1999969,0.195199997,0.173607827,1848.994981,1821.170019,,,,,
328.762,1827.406247,0.000558715,0.178524496,323,322,195.8000031,0.195800003,0.174254424,1847.872739,1948.200104,,,,,
329.783,1890.606404,0.000540038,0.179064535,324,323,196.6000061,0.196600006,0.175078985,1844.88161,1916.548342,,,,,
330.804,2029.509735,0.000503077,0.179567612,325,324,196.8999939,0.196899994,0.175458068,1846.595052,1917.984532,,,,,
331.825,2279.188171,0.000447967,0.180015578,326,325,197.3000031,0.197300003,0.175925856,1847.369152,1855.889917,,,,,
332.846,2378.546417,0.000429254,0.180444832,327,326,198.1000061,0.198100006,0.176750166,1844.411284,1888.170527,,,,,
333.867,2032.975084,0.00050222,0.180947052,328,327,198.5,0.1985,0.177217437,1845.190891,1888.920454,,,,,
334.888,2111.827515,0.000483468,0.181430519,329,328,198.8000031,0.198800003,0.177595021,1846.89862,1827.406247,,,,,
335.909,1865.102939,0.000547423,0.181977942,330,329,199.1000061,0.199100006,0.177972138,1848.603965,1890.606404,,,,,
336.93,1748.646239,0.00058388,0.182561822,331,330,199.5,0.1995,0.178438225,1849.37953,2029.509735,,,,,
337.951,1806.090491,0.000565309,0.183127132,332,331,199.8999939,0.199899994,0.178903958,1850.154703,2279.188171,,,,,
338.972,2038.227993,0.000500925,0.183628057,333,332,200.5,0.2005,0.179548453,1849.08304,2378.546417,,,,,
339.993,2003.348412,0.000509647,0.184137704,334,333,201.5,0.2015,0.180551222,1844.351958,2032.975084,,,,,
341.014,1902.175665,0.000536754,0.184674458,335,334,201.6000061,0.201600006,0.180747376,1847.88298,2111.827515,,,,,
342.035,1936.888454,0.000527134,0.185201592,336,335,201.6000061,0.201600006,0.180853155,1852.331526,1865.102939,,,,,
343.056,1782.366138,0.000572834,0.185774426,337,336,201.8000031,0.201800003,0.181137693,1854.942473,1748.646239,,,,,
344.077,1782.131216,0.00057291,0.186347335,338,337,202,0.202,0.181421685,1857.55082,1806.090491,,,,,
345.098,1727.74238,0.000590945,0.18693828,339,338,203.1000061,0.203100006,0.182513921,1851.913533,2038.227993,,,,,
346.119,2047.420013,0.000498676,0.187436956,340,339,203.1999969,0.203199997,0.182707373,1855.425942,2003.348412,,,,,
347.14,2168.460396,0.000470841,0.187907797,341,340,204.3000031,0.204300003,0.183799859,1849.838199,1902.175665,,,,,
348.161,2258.721362,0.000452026,0.188359823,342,341,205.1000061,0.205100006,0.184622668,1847.010466,1936.888454,,,,,
349.182,1910.186183,0.000534503,0.188894326,343,342,205.5,0.2055,0.185085274,1847.796919,1782.366138,,,,,
350.203,1758.941262,0.000580463,0.189474789,344,343,205.8000031,0.205800003,0.185457445,1849.480892,1782.131216,,,,,
351.224,1630.007125,0.000626378,0.190101166,345,344,206,0.206,0.185739019,1852.061035,1727.74238,,,,,
352.245,1705.99132,0.000598479,0.190699645,346,345,206.3000031,0.206300003,0.186110293,1853.739495,2047.420013,,,,,
353.266,1947.058411,0.000524381,0.191224026,347,346,206.3999939,0.206399994,0.186300613,1857.21343,2168.460396,,,,,
354.287,1881.669955,0.000542603,0.191766629,348,347,207.1000061,0.207100006,0.187032205,1855.295459,2258.721362,,,,,
355.308,1820.764964,0.000560753,0.192327382,349,348,208.1999969,0.208199997,0.18812518,1849.832118,2307.899426,,,,,
356.329,1791.785602,0.000569823,0.192897205,350,349,208.5,0.2085,0.188495273,1851.505315,1910.186183,,,,,
357.35,1736.225525,0.000588057,0.193485262,351,350,208.6000061,0.208600006,0.188684055,1854.952718,1758.941262,,,,,
358.371,1658.527208,0.000615606,0.194100869,352,351,209.1000061,0.209100006,0.189234235,1854.844079,1630.007125,,,,,
359.392,1919.014853,0.000532044,0.194632913,353,352,209.3000031,0.209300003,0.189512558,1857.3967,1705.99132,,,,,
360.413,2187.097044,0.000466829,0.195099741,354,353,209.5,0.2095,0.189790389,1859.946659,1947.058411,,,,,
361.434,2430.492878,0.000420079,0.195519821,355,354,210.6999969,0.210699997,0.190974111,1853.654395,1881.669955,,,,,
362.455,2234.094931,0.000457008,0.195976829,356,355,211.5,0.2115,0.191795531,1850.929469,1820.764964,,,,,
363.476,2148.130234,0.000475297,0.196452126,357,356,212.1000061,0.212100006,0.192435555,1849.969978,1791.785602,,,,,
364.497,2192.249292,0.000465732,0.196917858,358,357,212.5,0.2125,0.192893899,1850.758378,1736.225525,,,,,
365.518,2193.827144,0.000465397,0.197383255,359,358,212.8000031,0.212800003,0.193261133,1852.415926,1658.527208,,,,,
366.539,2286.492138,0.000446536,0.19782979,360,359,213.3000031,0.213300003,0.193809701,1852.332455,1919.014853,,,,,
367.56,2387.903081,0.000427572,0.198257362,361,360,213.6000061,0.213600006,0.194176252,1853.985731,2187.097044,,,,,
368.581,2338.26061,0.000436649,0.198694011,362,361,214.1999969,0.214199997,0.19481526,1853.037594,2430.492878,,,,,
369.602,2391.268674,0.00042697,0.199120981,363,362,214.6000061,0.214600006,0.195272178,1853.822715,2234.094931,,,,,
370.623,2246.024664,0.000454581,0.199575562,364,363,215.1000061,0.215100006,0.195819835,1853.744797,2148.130234,,,,,
371.644,2000.902966,0.00051027,0.200085832,365,364,215.3999939,0.215399994,0.196185118,1855.390479,2192.249292,,,,,
372.665,2203.229088,0.000463411,0.200549243,366,365,215.5,0.2155,0.196367802,1858.756868,2193.827144,,,,,
373.686,2249.795639,0.000453819,0.201003062,367,366,215.6000061,0.215600006,0.196549947,1862.122099,2286.492138,,,,,
374.707,2298.625301,0.000444179,0.20144724,368,367,216.3999939,0.216399994,0.197369985,1859.451935,2387.903081,,,,,
375.728,2300.295514,0.000443856,0.201891096,369,368,216.8999939,0.216899994,0.197916344,1859.371453,2338.26061,,,,,
376.749,2351.401069,0.000434209,0.202325305,370,369,217.3000031,0.217300003,0.198371226,1860.148806,2391.268674,,,,,
377.77,2210.10886,0.000461968,0.202787274,371,370,217.6000061,0.217600006,0.198734496,1861.780453,2246.024664,,,,,
378.791,2211.005582,0.000461781,0.203249054,372,371,218,0.218,0.199188771,1862.55479,2000.902966,,,,,
379.812,2168.566351,0.000470818,0.203719872,373,372,218.1999969,0.218199997,0.199459953,1865.036034,2203.229088,,,,,
380.833,1779.401596,0.000573788,0.204293661,374,373,218.8000031,0.218800003,0.200096518,1864.100403,2249.795639,,,,,
381.854,1973.490807,0.000517357,0.204811018,375,374,219,0.219,0.200366999,1866.574849,2298.625301,,,,,
382.875,2048.972366,0.000498299,0.205309317,376,375,219.3999939,0.219399994,0.200820113,1867.342844,2300.295514,,,,,
383.896,2172.959169,0.000469866,0.205779183,377,376,220.1000061,0.220100006,0.201547691,1865.563424,2351.401069,,,,,
384.917,2218.713934,0.000460176,0.206239359,378,377,220.3999939,0.220399994,0.201908777,1867.179847,2210.10886,,,,,
385.938,2266.463098,0.000450482,0.206689841,379,378,220.8000031,0.220800003,0.202361192,1867.947091,2211.005582,,,,,
386.959,2267.943837,0.000450188,0.207140028,380,379,221.1000061,0.221100006,0.202721653,1869.558554,2168.566351,,,,,
387.98,2177.944435,0.000468791,0.207608819,381,380,221.3999939,0.221399994,0.203081764,1871.167521,1779.401596,,,,,
389.001,2269.949136,0.00044979,0.208058609,382,381,221.6999969,0.221699997,0.203441555,1872.773732,1973.490807,,,,,
390.022,2320.017718,0.000440083,0.208498692,383,382,222.1999969,0.222199997,0.203984617,1872.690232,2048.972366,,,,,
391.043,2660.889572,0.000383706,0.208882398,384,383,222.8000031,0.222800003,0.204619347,1871.768264,2172.959169,,,,,
392.064,2425.059329,0.000421021,0.209303419,385,384,223.1000061,0.223100006,0.20497834,1873.368669,2218.713934,,,,,
393.085,2427.18743,0.000420651,0.20972407,386,385,224.6000061,0.224600006,0.206439979,1864.94884,2266.463098,,,,,
394.106,2324.939316,0.000439151,0.210163221,387,386,224.6999969,0.224699997,0.206614854,1868.210309,2267.943837,,,,,
395.127,2377.754892,0.000429397,0.210592618,388,387,224.8000031,0.224800003,0.206789273,1871.470386,2177.944435,,,,,
396.148,2381.092934,0.000428795,0.211021413,389,388,224.8999939,0.224899994,0.206963211,1874.729318,2269.949136,,,,,
397.169,2550.470607,0.000400318,0.211421731,390,389,225.1000061,0.225100006,0.207228768,1877.152498,2320.017718,,,,,
398.19,2613.819324,0.000390616,0.211812347,391,390,225.3000031,0.225300003,0.207493924,1879.573105,2660.889572,,,,,
399.211,2284.095698,0.000447004,0.212259351,392,391,225.6000061,0.225600006,0.207850835,1881.156742,2425.059329,,,,,
400.232,2495.604858,0.000409119,0.21266847,393,392,226.3000031,0.226300003,0.208576103,1879.409939,2427.18743,,,,,
401.253,2683.098666,0.00038053,0.213049001,394,393,226.6999969,0.226699997,0.209024732,1880.160286,2324.939316,,,,,
402.274,2620.395384,0.000389636,0.213438637,395,394,226.8999939,0.226899994,0.209288652,1882.567432,2377.754892,,,,,
403.295,2389.908327,0.000427213,0.21386585,396,395,227.8000031,0.227800003,0.210198121,1879.1795,2328.307856,,,,,
404.316,2339.881319,0.000436347,0.214302196,397,396,228.3000031,0.228300003,0.210738464,1879.106414,2381.092934,,,,,
405.337,2504.485191,0.000407669,0.214709865,398,397,228.3999939,0.228399994,0.210909268,1882.326009,2550.470607,,,,,
406.358,2566.038713,0.00039789,0.215107755,399,398,228.6999969,0.228699997,0.211264399,1883.895261,2613.819324,,,,,
407.379,2507.801011,0.00040713,0.215514884,400,399,228.8000031,0.228800003,0.211434416,1887.109995,2284.095698,,,,,
408.4,2397.696674,0.000425825,0.21594071,401,400,229.1000061,0.229100006,0.211788889,1888.673205,2495.604858,,,,,
409.421,2841.336753,0.000359338,0.216300047,402,401,229.3000031,0.229300003,0.212050587,1891.058191,2683.098666,,,,,
410.442,3178.986849,0.000321172,0.216621219,403,402,229.6999969,0.229699997,0.212496948,1891.791881,2620.395384,,,,,
411.463,3090.750999,0.00033034,0.216951559,404,403,230,0.23,0.212850551,1893.347223,2389.908327,,,,,
412.484,3007.204626,0.000339518,0.217291077,405,404,230.8000031,0.230800003,0.213666752,1890.794875,2339.881319,,,,,
413.505,3284.292285,0.000310874,0.217601951,406,405,231.3000031,0.231300003,0.214205166,1890.710706,2504.485191,,,,,
414.526,3098.125669,0.000329554,0.217931505,407,406,231.5,0.2315,0.214465498,1893.078388,2566.038713,,,,,
415.547,3014.617723,0.000338683,0.218270188,408,407,231.6999969,0.231699997,0.214725486,1895.443379,2507.801011,,,,,
416.568,3017.598252,0.000338349,0.218608537,409,408,232.3999939,0.232399994,0.21544866,1893.722617,2397.696674,,,,,
417.589,2714.16998,0.000376174,0.218984711,410,409,232.6000061,0.232600006,0.215708137,1896.080534,2841.336753,,,,,
418.61,2786.070912,0.000366466,0.219351177,411,410,232.6000061,0.232600006,0.215781726,1900.068223,3178.986849,,,,,
419.631,2717.888009,0.000375659,0.219726836,412,411,232.6999969,0.232699997,0.215947645,1903.239096,3090.750999,,,,,
420.652,2652.894404,0.000384863,0.220111699,413,412,233.1999969,0.233199997,0.216484505,1903.13852,3007.204626,,,,,
421.673,2654.615531,0.000384613,0.220496312,414,413,233.6999969,0.233699997,0.217021221,1903.039707,3284.292285,,,,,
422.694,2592.106238,0.000393888,0.2208902,415,414,233.8000031,0.233800003,0.217186222,1906.198263,3098.125669,,,,,
423.715,2725.404586,0.000374623,0.221264823,416,415,233.8999939,0.233899994,0.217350822,1909.355558,3014.617723,,,,,
424.736,2798.226934,0.000364874,0.221629697,417,416,234.1999969,0.234199997,0.217700958,1910.878132,3017.598252,,,,,
425.757,2729.21051,0.000374101,0.222003798,418,417,234.5,0.2345,0.218050833,1912.398106,2714.16998,,,,,
426.778,2478.523764,0.000411939,0.222415737,419,418,234.8999939,0.234899994,0.218493456,1913.100777,2786.070912,,,,,
427.799,2958.41969,0.000345117,0.222760853,420,419,235.3000031,0.235300003,0.218935895,1913.802209,2717.888009,,,,,
428.82,3133.697095,0.000325813,0.223086667,421,420,235.3999939,0.235399994,0.219098896,1916.942568,2652.894404,,,,,
429.841,2882.861634,0.000354162,0.223440829,422,421,235.5,0.2355,0.219261538,1920.081393,2654.615531,,,,,
430.862,2809.289656,0.000363437,0.223804266,423,422,236.3999939,0.236399994,0.220168872,1916.710548,2592.106238,,,,,
431.883,2887.046304,0.000353649,0.224157914,424,423,236.8000031,0.236800003,0.220610505,1917.406429,2725.404586,,,,,
432.904,3053.83649,0.000334334,0.224492248,425,424,237,0.237,0.22086555,1919.719939,2798.226934,,,,,
433.925,3056.334267,0.00033406,0.224826308,426,425,237.1999969,0.237199997,0.22112029,1922.030767,2729.21051,,,,,
434.946,2973.403158,0.000343378,0.225169686,427,426,237.5,0.2375,0.221467982,1923.528613,2478.523764,,,,,
435.967,2895.046573,0.000352671,0.225522357,428,427,237.8999939,0.237899994,0.2219087,1924.214782,2958.41969,,,,,
436.988,2977.285319,0.00034293,0.225865287,429,428,238.1000061,0.238100006,0.222162636,1926.516574,3133.697095,,,,,
438.009,2749.324237,0.000371364,0.226236651,430,429,238.3999939,0.238399994,0.222509587,1928.006816,2882.861634,,,,,
439.03,2682.039896,0.00038068,0.226617331,431,430,238.6000061,0.238600006,0.222762959,1930.302963,2809.289656,,,,,
440.051,2902.201906,0.000351802,0.226969133,432,431,239.1000061,0.239100006,0.223296198,1930.17169,2887.046304,,,,,
441.072,3071.33589,0.000332429,0.227301562,433,432,239.3000031,0.239300003,0.223549055,1932.461755,3053.83649,,,,,
442.093,2830.995284,0.000360651,0.227662212,434,433,239.5,0.2395,0.223801624,1934.749146,3056.334267,,,,,
443.114,2623.68556,0.000389147,0.22805136,435,434,240,0.24,0.224334325,1934.612544,2973.403158,,,,,
444.135,2834.450451,0.000360211,0.228411571,436,435,240.3000031,0.240300003,0.224679908,1936.087668,2895.046573,,,,,
445.156,2913.737988,0.000350409,0.22876198,437,436,240.5,0.2405,0.22493173,1938.365925,2977.285319,,,,,
446.177,3084.216485,0.00033104,0.22909302,438,437,240.6999969,0.240699997,0.225183269,1940.641513,2749.324237,,,,,
447.198,2998.882504,0.00034046,0.22943348,439,438,240.8999939,0.240899994,0.225434529,1942.914431,2682.039896,,,,,
448.219,2840.61851,0.000359429,0.229792909,440,439,241.3000031,0.241300003,0.225872737,1943.572326,2902.201906,,,,,
449.24,2698.311458,0.000378385,0.230171294,441,440,241.6000061,0.241600006,0.226217135,1945.033916,3071.33589,,,,,
450.261,2700.145754,0.000378128,0.230549421,442,441,242,0.242,0.226654963,1945.688703,3073.71731,,,,,
451.282,2571.127761,0.000397102,0.230946523,443,442,242.5,0.2425,0.227186313,1945.53974,2830.995284,,,,,
452.303,2635.851958,0.000387351,0.231333874,444,443,242.8000031,0.242800003,0.227530129,1946.994898,2623.68556,,,,,
453.324,2774.522891,0.000367991,0.231701866,445,444,243,0.243,0.227779985,1949.249403,2834.450451,,,,,
454.345,2929.498425,0.000348524,0.232050389,446,445,243.1000061,0.243100006,0.227935821,1952.303937,2913.737988,,,,,
455.366,2931.43191,0.000348294,0.232398683,447,446,243.3000031,0.243300003,0.228185119,1954.553398,3084.216485,,,,,
456.387,2779.811684,0.000367291,0.232765974,448,447,243.8000031,0.243800003,0.228715596,1954.392304,2998.882504,,,,,
457.408,2709.790442,0.000376782,0.233142756,449,448,244.3000031,0.244300003,0.229245962,1954.232899,2840.61851,,,,,
458.429,2781.872083,0.000367019,0.233509775,450,449,244.3999939,0.244399994,0.229400757,1957.273399,2698.311458,,,,,
459.45,2858.139984,0.000357225,0.233867001,451,450,244.6000061,0.244600006,0.229649153,1959.510823,2700.145754,,,,,
460.471,2860.086221,0.000356982,0.234223983,452,451,244.8000031,0.244800003,0.229897277,1961.745723,2571.127761,,,,,
461.492,3113.404668,0.000327937,0.23455192,453,452,245.3999939,0.245399994,0.230520888,1960.776758,2635.851958,,,,,
462.513,2942.256584,0.000347013,0.234898932,454,453,245.8999939,0.245899994,0.231050489,1960.610437,2774.522891,,,,,
463.534,2717.55961,0.000375705,0.235274637,455,454,246.3000031,0.246300003,0.231486006,1961.241662,2929.498425,,,,,
464.555,2305.555235,0.000442843,0.23571748,456,455,246.3999939,0.246399994,0.231639324,1964.260607,2931.43191,,,,,
465.576,2357.878356,0.000433016,0.236150497,457,456,246.8000031,0.246800003,0.232074463,1964.886589,2779.811684,,,,,
466.597,2358.682809,0.000432869,0.236583366,458,457,247.1999969,0.247199997,0.232509436,1965.511632,2709.790442,,,,,
467.618,2654.694593,0.000384602,0.236967967,459,458,247.5,0.2475,0.232850185,1966.929939,2781.872083,,,,,
468.639,2724.10571,0.000374802,0.237342769,460,459,247.3999939,0.247399994,0.232814311,1971.528289,2858.139984,,,,,
469.66,2797.410359,0.00036498,0.23770775,461,460,247.6000061,0.247600006,0.233060455,1973.736816,2860.086221,,,,,
470.681,2658.572604,0.000384041,0.23809179,462,461,248,0.248,0.233494643,1974.349364,3113.404668,,,,,
471.702,2532.789806,0.000403113,0.238494903,463,462,248.6999969,0.248699997,0.234211211,1972.578507,2942.256584,,,,,
472.723,2729.488299,0.000374063,0.238868966,464,463,249.1000061,0.249100006,0.234645191,1973.191945,2717.55961,,,,,
473.744,3230.553867,0.000316045,0.239185011,465,464,249.3999939,0.249399994,0.234984785,1974.595926,2305.555235,,,,,
474.765,3814.583239,0.000267657,0.239452668,466,465,249.5,0.2495,0.235135722,1977.581267,2357.878356,,,,,
475.786,3047.749601,0.000335001,0.239787669,467,466,249.6000061,0.249600006,0.235286381,1980.565124,2358.682809,,,,,
476.807,2806.368314,0.000363815,0.240151484,468,467,250.1999969,0.250199997,0.235908187,1979.58369,2654.694593,,,,,
477.828,2735.238942,0.000373276,0.240524761,469,468,250.8000031,0.250800003,0.236529957,1978.607725,2724.10571,,,,,
478.849,2809.22451,0.000363445,0.240888206,470,469,251.3999939,0.251399994,0.237151661,1977.637425,2797.410359,,,,,
479.87,2540.391213,0.000401907,0.241290113,471,470,251.5,0.2515,0.237301556,1980.602271,2658.572604,,,,,
480.891,2541.421242,0.000401744,0.241691857,472,471,251.8999939,0.251899994,0.237734297,1981.203407,2532.789806,,,,,
481.912,2605.158377,0.000391915,0.242083771,473,472,252.1000061,0.252100006,0.237978122,1983.375596,2729.488299,,,,,
482.933,2741.60834,0.000372409,0.24245618,474,473,252.3999939,0.252399994,0.23831612,1984.758731,3230.553867,,,,,
483.954,2321.054007,0.000439886,0.242896067,475,474,252.6000061,0.252600006,0.23855952,1986.925526,3814.583239,,,,,
484.975,2272.073818,0.000449369,0.243345436,476,475,252.8999939,0.252899994,0.238897139,1988.303423,3047.749601,,,,,
485.996,2675.637011,0.000381591,0.243727027,477,476,253.1999969,0.253199997,0.239234596,1989.678781,2806.368314,,,,,
487.017,3156.656946,0.000323443,0.244050471,478,477,253.5,0.2535,0.239571878,1991.051723,2735.238942,,,,,
488.038,2979.866766,0.000342633,0.244393104,479,478,253.5,0.2535,0.239625401,1994.780174,2809.22451,,,,,
489.059,2612.215512,0.000390856,0.24478396,480,479,253.6000061,0.253600006,0.239773179,1997.721352,2540.391213,,,,,
490.08,2822.730374,0.000361707,0.245145666,481,480,254.3999939,0.254399994,0.240582665,1995.156217,2541.421242,,,,,
491.101,2823.96651,0.000361548,0.245507214,482,481,255.1000061,0.255100006,0.241297622,1993.388898,2605.158377,,,,,
492.122,2615.060284,0.000390431,0.245897645,483,482,255.3999939,0.255399994,0.24163411,1994.751487,2741.60834,,,,,
493.143,2492.561805,0.000409619,0.246307264,484,483,255.6000061,0.255600006,0.241875821,1996.892444,2321.054007,,,,,
494.164,2827.548349,0.00036109,0.246668354,485,484,256.2000122,0.256200012,0.242495922,1995.909855,2272.073818,,,,,
495.185,2686.062255,0.00038011,0.247048464,486,485,256.5,0.2565,0.242831946,1997.266047,2675.637011,,,,,
496.206,2496.260824,0.000409012,0.247457476,487,486,256.7000122,0.256700012,0.243073135,1999.39825,3156.656946,,,,,
497.227,2331.032635,0.000438003,0.247895479,488,487,256.7999878,0.256799988,0.243219372,2002.307614,2979.866766,,,,,
498.248,2497.332114,0.000408836,0.248304316,489,488,257.5,0.2575,0.243933789,2000.542862,2612.215512,,,,,
499.269,2622.734891,0.000389288,0.248693604,490,489,257.7000122,0.257700012,0.244174445,2002.666579,2822.730374,,,,,
500.29,2690.832275,0.000379437,0.24907304,491,490,257.7999878,0.257799988,0.244320093,2005.565708,2823.96651,,,,,
501.311,2836.802413,0.000359912,0.249432953,492,491,257.8999939,0.257899994,0.24446553,2008.463115,2615.060284,,,,,
502.332,2442.492561,0.000418016,0.249850968,493,492,258.3999939,0.258399994,0.244989965,2008.245524,2492.561805,,,,,
503.353,2387.913213,0.00042757,0.250278538,494,493,259.1000061,0.259100006,0.245703989,2006.479428,2827.548349,,,,,
504.374,2335.495493,0.000437166,0.250715705,495,494,259.3999939,0.259399994,0.246038591,2007.815108,2684.729823,,,,,
505.395,2236.95897,0.000456423,0.251172128,496,495,259.7000122,0.259700012,0.246373064,2009.148207,2686.062255,,,,,
506.416,2337.009047,0.000436883,0.251609011,497,496,260.2000122,0.260200012,0.246897138,2008.933775,2496.260824,,,,,
507.437,2629.716955,0.000388255,0.251997266,498,497,260.5,0.2605,0.247231308,2010.263196,2331.032635,,,,,
508.458,2630.539062,0.000388133,0.252385399,499,498,260.7000122,0.260700012,0.247470422,2012.361707,2497.332114,,,,,
509.479,2506.122748,0.000407402,0.252792801,500,499,261.1000061,0.261100006,0.247899214,2012.91481,2622.734891,,,,,
510.5,2448.613189,0.000416971,0.253209772,501,500,261.2000122,0.261200012,0.248043015,2015.779402,2690.832275,,,,,
511.521,2024.324873,0.000504366,0.253714138,502,501,261.6000061,0.261600006,0.248471522,2016.327653,2836.802413,,,,,
512.542,2193.567746,0.000465452,0.25417959,503,502,262.3999939,0.262399994,0.249279909,2013.800479,2442.492561,,,,,
513.563,2289.894965,0.000445872,0.254625462,504,503,262.7999878,0.262799988,0.249708263,2014.350646,2387.913213,,,,,
514.584,2509.462889,0.00040686,0.255032322,505,504,262.8999939,0.262899994,0.249851405,2017.198984,2335.495493,,,,,
515.605,2395.622666,0.000426194,0.255458516,506,505,263.1000061,0.263100006,0.250089386,2019.278016,2236.95897,,,,,
516.626,2452.46524,0.000416316,0.255874831,507,506,263.3999939,0.263399994,0.250422234,2020.587358,2337.009047,,,,,
517.647,2151.283687,0.0004746,0.256349432,508,507,264.2999878,0.264299988,0.251325487,2017.30436,2629.716955,,,,,
518.668,2196.801552,0.000464767,0.256814198,509,508,264.6000061,0.264600006,0.251658178,2018.61113,2630.539062,,,,,
519.689,2293.50246,0.000445171,0.257259369,510,509,265.1000061,0.265100006,0.252180961,2018.391864,2506.122748,,,,,
520.71,2455.325312,0.000415831,0.2576752,511,510,265.3999939,0.265399994,0.252513369,2019.695041,2448.613189,,,,,
521.731,2856.707082,0.000357405,0.258032604,512,511,265.6000061,0.265600006,0.252750495,2021.756672,2024.324873,,,,,
522.752,2857.510664,0.000357304,0.258389908,513,512,265.8999939,0.265899994,0.2530826,2023.054928,2193.567746,,,,,
523.773,2710.896308,0.000376628,0.258766536,514,513,266.2999878,0.266299988,0.253509765,2023.590691,2289.894965,,,,,
524.794,2516.590928,0.000405708,0.259172244,515,514,266.6000061,0.266600006,0.253841632,2024.884552,2509.462889,,,,,
525.815,2401.700376,0.000425115,0.25959736,516,515,266.8999939,0.266899994,0.254173331,2026.176383,2395.622666,,,,,
526.836,2348.691203,0.00043471,0.26003207,517,516,268.1000061,0.268100006,0.255362152,2020.659659,2452.46524,,,,,
527.857,2459.11388,0.00041519,0.26044726,518,517,268.6000061,0.268600006,0.25588427,2020.444633,2151.283687,,,,,
528.878,2403.366142,0.000424821,0.260872081,519,518,268.7000122,0.268700012,0.256025191,2023.238409,2196.801552,,,,,
529.899,2350.229439,0.000434426,0.261306506,520,519,268.7999878,0.268799988,0.256165877,2026.030965,2293.50246,,,,,
530.92,2250.025526,0.000453773,0.261760279,521,520,269.2999878,0.269299988,0.25668765,2025.808413,2455.325312,,,,,
531.941,2351.476606,0.000434195,0.262194474,522,521,269.3999939,0.269399994,0.256828025,2028.594815,2856.707082,,,,,
532.962,2462.640108,0.000414596,0.26260907,523,522,270.2999878,0.270299988,0.257730987,2025.367637,2857.510664,,,,,
533.983,2352.536497,0.000434,0.26304307,524,523,270.6000061,0.270600006,0.258061837,2026.646038,2710.896308,,,,,
535.004,2251.728677,0.000453429,0.263496499,525,524,270.7000122,0.270700012,0.258201776,2029.420588,2516.590928,,,,,
536.025,2586.159875,0.000394794,0.263891293,526,525,270.7000122,0.270700012,0.258246111,2032.944459,2401.700376,,,,,
537.046,2465.017348,0.000414196,0.264305489,527,526,271.2999878,0.271299988,0.258862686,2031.965315,2348.691203,,,,,
538.067,2794.931024,0.000365304,0.264670793,528,527,271.7999878,0.271799988,0.259383819,2031.738144,2459.11388,,,,,
539.088,2653.758856,0.000384737,0.26505553,529,528,272.1000061,0.272100006,0.259714008,2033.005475,2403.366142,,,,,
540.109,2526.333459,0.000404143,0.265459673,530,529,272.5,0.2725,0.260139507,2033.524266,2350.229439,,,,,
541.13,2206.857242,0.000462649,0.265922322,531,530,273.2000122,0.273200012,0.260851366,2031.808411,2250.025526,,,,,
542.151,2356.674107,0.000433238,0.26635556,532,531,273.3999939,0.273399994,0.261085715,2033.81483,2351.476606,,,,,
543.172,2411.694271,0.000423354,0.266778914,533,532,274.1000061,0.274100006,0.261797492,2032.105026,2462.640108,,,,,
544.193,2727.08202,0.000374393,0.267153306,534,533,274.5,0.2745,0.262222668,2032.623662,2352.536497,,,,,
545.214,2305.958599,0.000442766,0.267596072,535,534,274.7000122,0.274700012,0.26245668,2034.621487,2251.728677,,,,,
546.235,2119.353895,0.000481751,0.268077823,536,535,274.8999939,0.274899994,0.262690505,2036.617198,2586.159875,,,,,
547.256,2078.004184,0.000491337,0.26856916,537,536,275.2999878,0.275299988,0.263115333,2037.129471,2465.017348,,,,,
548.277,2164.435317,0.000471717,0.269040876,538,537,275.6000061,0.275600006,0.263444502,2038.379984,2794.931024,,,,,
549.298,2258.529121,0.000452064,0.269492941,539,538,276.1000061,0.276100006,0.263964739,2038.151013,2653.758856,,,,,
550.319,2258.681369,0.000452034,0.269944974,540,539,276.7000122,0.276700012,0.264580539,2037.186867,2526.333459,,,,,
551.34,2211.414578,0.000461695,0.27040667,541,540,276.7999878,0.276799988,0.264718103,2039.905822,2206.857242,,,,,
552.361,2079.642773,0.00049095,0.270897619,542,541,277.2000122,0.277200012,0.265142482,2040.41237,2356.674107,,,,,
553.382,2000.420307,0.000510393,0.271408012,543,542,277.3999939,0.277399994,0.265375398,2042.389776,2411.694271,,,,,
554.403,2260.374491,0.000451695,0.271859707,544,543,278,0.278,0.265990908,2041.42316,2727.08202,,,,,
555.424,2260.724665,0.000451625,0.272311332,545,544,278.3999939,0.278399994,0.266414985,2041.927181,2305.958599,,,,,
556.445,2213.215885,0.00046132,0.272772652,546,545,279.2000122,0.279200012,0.267221836,2039.503991,2119.353895,,,,,
557.466,2123.403462,0.000480832,0.273253484,547,546,279.2999878,0.279299988,0.267358601,2042.200988,2163.660583,,,,,
558.487,2167.937615,0.000470955,0.273724438,548,547,279.5,0.2795,0.267590965,2044.164685,2078.004184,,,,,
559.508,2041.007212,0.000500243,0.274224681,549,548,279.5,0.2795,0.267631662,2047.590318,2164.435317,,,,,
560.529,2214.630377,0.000461025,0.274685707,550,549,280.7999878,0.280799988,0.268917131,2041.521113,2258.529121,,,,,
561.55,2041.5056,0.000500121,0.275185828,551,550,281.2999878,0.281299988,0.269436522,2041.297131,2258.681369,,,,,
562.571,2169.333014,0.000470652,0.275656479,552,551,281.6000061,0.281600006,0.269764279,2042.523947,2211.414578,,,,,
563.592,2042.15662,0.000499962,0.276156441,553,552,282,0.282,0.270187708,2043.024104,2079.642773,,,,,
564.613,2216.180414,0.000460703,0.276617143,554,553,282.3999939,0.282399994,0.270611051,2043.523347,2000.420307,,,,,
565.634,2367.720326,0.000431216,0.27704836,555,554,282.6000061,0.282600006,0.270842646,2045.468129,2260.374491,,,,,
566.655,2368.173324,0.000431134,0.277479494,556,555,283.3999939,0.283399994,0.271649198,2043.076162,2260.724665,,,,,
567.676,2481.421502,0.000411458,0.277890952,557,556,283.6000061,0.283600006,0.271880594,2045.015394,2213.215885,,,,,
568.697,2368.999058,0.000430984,0.278321935,558,557,284.1000061,0.284100006,0.272399483,2044.79096,2123.403462,,,,,
569.718,2316.616263,0.000440729,0.278762664,559,558,284.2999878,0.284299988,0.272630611,2046.72541,2167.937615,,,,,
570.739,2266.567374,0.000450461,0.279213125,560,559,285,0.285,0.273341176,2045.06327,2041.007212,,,,,
571.76,2483.265779,0.000411152,0.279624277,561,560,285.5,0.2855,0.273859883,2044.841305,2214.630377,,,,,
572.781,2370.701686,0.000430674,0.280054951,562,561,285.8999939,0.285899994,0.274282591,2045.33579,2041.5056,,,,,
573.802,2484.36159,0.000410971,0.280465922,563,562,286.5,0.2865,0.274897129,2044.401128,2169.333014,,,,,
574.823,2318.690148,0.000440335,0.280906257,564,563,286.7999878,0.286799988,0.27522373,2045.608498,2042.15662,,,,,
575.844,2319.235895,0.000440231,0.281346488,565,564,287.2999878,0.287299988,0.275742187,2045.388865,2216.180414,,,,,
576.865,2319.642298,0.000440154,0.281786642,566,565,287.7000122,0.287700012,0.276164624,2045.881157,2367.720326,,,,,
577.886,2320.046792,0.000440077,0.28222672,567,566,288.2999878,0.288299988,0.27677894,2044.953279,2368.173324,,,,,
578.907,2320.381879,0.000440014,0.282666733,568,567,288.5,0.2885,0.277009195,2046.863465,2481.421502,,,,,
579.928,2429.151981,0.000420311,0.283087045,569,568,289,0.289,0.277527396,2046.644797,2368.999058,,,,,
580.949,2429.53101,0.000420246,0.28350729,570,569,289.2999878,0.289299988,0.277853444,2047.842168,2316.616263,,,,,
581.97,2430.127511,0.000420143,0.283927433,571,570,289.5,0.2895,0.278083355,2049.745124,2266.567374,,,,,
582.991,2549.893994,0.000400409,0.284327842,572,571,289.8999939,0.289899994,0.278505255,2050.230615,2483.265779,,,,,
584.012,2375.487414,0.000429807,0.284757648,573,572,290.2999878,0.290299988,0.278927077,2050.715214,2370.701686,,,,,
585.033,2271.815603,0.00044942,0.285207069,574,573,290.7999878,0.290799988,0.279444922,2050.493517,2484.36159,,,,,
586.054,2272.323431,0.00044932,0.285656388,575,574,291.3999939,0.291399994,0.280058828,2049.569384,2318.690148,,,,,
587.075,2272.673445,0.000449251,0.286105639,576,575,291.8999939,0.291899994,0.280576582,2049.351363,2319.235895,,,,,
588.096,2432.85466,0.000419672,0.286525311,577,576,292.1000061,0.292100006,0.280805895,2051.238991,2319.642298,,,,,
589.117,2617.271249,0.000390101,0.286915412,578,577,292.5,0.2925,0.281227355,2051.720751,2320.046792,,,,,
590.138,2756.85613,0.000370349,0.287285761,579,578,292.7999878,0.292799988,0.281552574,2052.902557,2320.381879,,,,,
591.159,2324.94436,0.00043915,0.287724911,580,579,293.3999939,0.293399994,0.282166224,2051.981954,2429.151981,,,,,
592.18,2225.698122,0.000458732,0.288183644,581,580,293.6000061,0.293600006,0.282395119,2053.859858,2429.53101,,,,,
593.201,2226.148729,0.00045864,0.288642283,582,581,294,0.294,0.282816264,2054.337296,2430.127511,,,,,
594.222,2379.567598,0.00042907,0.289071353,583,582,294.3999939,0.294399994,0.283237335,2054.813857,2549.893994,,,,,
595.243,2835.794829,0.00036004,0.289431393,584,583,294.8999939,0.294899994,0.283754557,2054.592554,2375.487414,,,,,
596.264,2916.212243,0.000350112,0.289781505,585,584,295.2999878,0.295299988,0.284175491,2055.068147,2271.815603,,,,,
597.285,2437.16889,0.000418929,0.290200434,586,585,295.7999878,0.295799988,0.284692602,2054.847913,2272.323431,,,,,
598.306,2277.102962,0.000448377,0.29064881,587,586,296,0.296,0.284920905,2056.711141,2272.673445,,,,,
599.327,2181.705788,0.000467982,0.291116793,588,587,296.2000122,0.296200012,0.285149087,2058.572261,2432.85466,,,,,
600.348,2763.137298,0.000369508,0.2914863,589,588,296.7999878,0.296799988,0.285762237,2057.654666,2617.271249,,,,,
601.369,2839.405077,0.000359582,0.291845883,590,589,297.6000061,0.297600006,0.28656799,2055.358661,2756.85613,,,,,
602.39,2840.217103,0.00035948,0.292205362,591,590,297.7999878,0.297799988,0.286795901,2057.212105,2324.94436,,,,,
603.411,2765.072354,0.000369249,0.292574611,592,591,298.2000122,0.298200012,0.287216369,2057.682167,2225.698122,,,,,
604.432,2499.031683,0.000408558,0.292983169,593,592,298.2999878,0.298299988,0.287347732,2060.221583,2226.148729,,,,,
605.453,2499.61625,0.000408463,0.293391632,594,593,298.5,0.2985,0.28757533,2062.068396,2379.567598,,,,,
606.474,2561.931611,0.000398527,0.293790159,595,594,298.7000122,0.298700012,0.287802811,2063.913126,2835.005156,,,,,
607.495,2923.752038,0.000349209,0.294139368,596,595,299.8999939,0.299899994,0.288993781,2058.867837,2835.794829,,,,,
608.516,2767.959663,0.000368864,0.294508232,597,596,300.2999878,0.300299988,0.289413877,2059.33456,2916.212243,,,,,
609.537,2562.944052,0.00039837,0.294906602,598,597,300.5,0.3005,0.28964115,2061.171215,2437.16889,,,,,
610.558,2628.600572,0.00038842,0.295295022,599,598,300.7999878,0.300799988,0.289964681,2062.320134,2277.102962,,,,,
611.579,2629.149559,0.000388339,0.29568336,600,599,300.8999939,0.300899994,0.29009532,2064.838548,2181.705788,,,,,
612.6,2502.604851,0.000407975,0.296091335,601,600,301.1000061,0.301100006,0.29032225,2066.669023,2763.137298,,,,,
613.621,2333.730815,0.000437497,0.296528832,602,601,301.3999939,0.301399994,0.290645474,2067.811313,2839.405077,,,,,
614.642,2503.379552,0.000407849,0.296936681,603,602,302.2000122,0.302200012,0.291450854,2065.528346,2840.217103,,,,,
615.663,2444.761182,0.000417628,0.297354308,604,603,302.7000122,0.302700012,0.291966875,2065.302783,2765.072354,,,,,
616.684,2445.268065,0.000417541,0.297771849,605,604,303.1000061,0.303100006,0.292386381,2065.759692,2499.031683,,,,,
617.705,2335.29274,0.000437204,0.298209054,606,605,303.2999878,0.303299988,0.292612855,2067.578335,2499.61625,,,,,
618.726,2505.134677,0.000407563,0.298616617,607,606,303.6000061,0.303600006,0.292935742,2068.713077,2561.931611,,,,,
619.747,2701.64177,0.000377918,0.298994535,608,607,303.7999878,0.303799988,0.293162007,2070.527508,2923.752038,,,,,
620.768,2633.540731,0.000387691,0.299382226,609,608,304.2000122,0.304200012,0.293581223,2070.977135,2767.959663,,,,,
621.789,2702.914359,0.00037774,0.299759966,610,609,304.7000122,0.304700012,0.29409687,2070.74628,2562.944052,,,,,
622.81,2775.97542,0.000367799,0.300127765,611,610,304.8999939,0.304899994,0.294322864,2072.553903,2628.600572,,,,,
623.831,2852.837268,0.000357889,0.300485654,612,611,305.1000061,0.305100006,0.294548779,2074.359302,2629.149559,,,,,
624.852,2448.132812,0.000417053,0.300902707,613,612,305.3999939,0.305399994,0.294871116,2075.483036,2502.604851,,,,,
625.873,2507.950141,0.000407105,0.301309812,614,613,306.1000061,0.306100006,0.295579645,2073.891119,2333.730815,,,,,
626.894,2508.483573,0.000407019,0.301716831,615,614,306.7999878,0.306799988,0.296288144,2072.307019,2503.379552,,,,,
627.915,2705.84772,0.000377331,0.302094162,616,615,306.8999939,0.306899994,0.296417161,2074.778661,2444.761182,,,,,
628.936,2338.817875,0.000436545,0.302530707,617,616,307.2000122,0.307200012,0.296739253,2075.896577,2445.268065,,,,,
629.957,2450.049666,0.000416726,0.302947434,618,617,307.6000061,0.307600006,0.297157844,2076.337586,2335.29274,,,,,
630.978,2450.543634,0.000416642,0.303364076,619,618,308.2999878,0.308299988,0.297866207,2074.757005,2505.134677,,,,,
631.999,2510.583977,0.000406678,0.303770754,620,619,308.5,0.3085,0.29809147,2076.543819,2701.64177,,,,,
633.02,2340.345064,0.00043626,0.304207015,621,620,308.7999878,0.308799988,0.298413243,2077.655784,2633.540731,,,,,
634.041,2394.818592,0.000426337,0.304633352,622,621,309,0.309,0.29863831,2079.4385,2702.914359,,,,,
635.062,2573.980021,0.000396662,0.305030014,623,622,309.5,0.3095,0.299153235,2079.201986,2775.97542,,,,,
636.083,2640.333673,0.000386694,0.305416707,624,623,309.8999939,0.309899994,0.299571446,2079.637456,2852.837268,,,,,
637.104,2395.802354,0.000426162,0.305842869,625,624,310.2999878,0.310299988,0.299989597,2080.072132,2448.132812,,,,,
638.125,2453.174204,0.000416195,0.306259065,626,625,310.5,0.3105,0.30021433,2081.845992,2507.950141,,,,,
639.146,2575.564221,0.000396418,0.306655483,627,626,310.7000122,0.310700012,0.300438963,2083.617893,2508.483573,,,,,
640.167,2642.037271,0.000386444,0.307041927,628,627,311,0.311,0.300760181,2084.717457,2705.84772,,,,,
641.188,2642.564574,0.000386367,0.307428294,629,628,311.6000061,0.311600006,0.30137149,2083.806935,2338.817875,,,,,
642.209,2786.200129,0.000366449,0.307794743,630,629,312.3999939,0.312399994,0.302176216,2081.56687,2450.049666,,,,,
643.23,2643.800921,0.000386186,0.308180929,631,630,312.6000061,0.312600006,0.302400563,2083.329455,2450.543634,,,,,
644.251,2786.993653,0.000366345,0.308547274,632,631,312.7999878,0.312799988,0.302624783,2085.090305,2510.583977,,,,,
645.272,2578.659087,0.000395942,0.308943216,633,632,313,0.313,0.302848934,2086.849014,2340.345064,,,,,
646.293,2787.972777,0.000366216,0.309309432,634,633,314,0.314,0.30384711,2083.284582,2394.818592,,,,,
647.314,2579.455884,0.00039582,0.309705252,635,634,314.2000122,0.314200012,0.304071147,2085.038344,2573.980021,,,,,
648.335,3127.046561,0.000326506,0.310031758,636,635,314.3999939,0.314399994,0.304295057,2086.790386,2640.333673,,,,,
649.356,2867.04519,0.000356116,0.310387874,637,636,314.5,0.3145,0.304422101,2089.204427,2395.802354,,,,,
650.377,2646.877609,0.000385738,0.310773611,638,637,315.1000061,0.315100006,0.305033055,2088.298265,2453.174204,,,,,
651.398,2294.075307,0.000445059,0.311218671,639,638,315.6000061,0.315600006,0.305547171,2088.057296,2575.564221,,,,,
652.419,2346.546275,0.000435108,0.311653778,640,639,316.1000061,0.316100006,0.30606125,2087.81739,2642.037271,,,,,
653.44,2581.761864,0.000395466,0.312049245,641,640,316.2000122,0.316200012,0.306187963,2090.219333,2642.564574,,,,,
654.461,2458.99014,0.000415211,0.312464456,642,641,316.7999878,0.316799988,0.30679875,2089.317512,2643.175245,,,,,
655.482,2519.404706,0.000405254,0.31286971,643,642,316.8999939,0.316899994,0.306925286,2091.71427,2786.200129,,,,,
656.503,2519.818441,0.000405188,0.313274898,644,643,317.7000122,0.317700012,0.307729755,2089.495703,2643.800921,,,,,
657.524,2583.331067,0.000395226,0.313670124,645,644,317.7999878,0.317799988,0.307856105,2091.886405,2786.993653,,,,,
658.545,2460.470165,0.000414961,0.314085086,646,645,318,0.318,0.30807926,2093.617077,2578.659087,,,,,
659.566,2650.682588,0.000385184,0.31447027,647,646,318.1000061,0.318100006,0.308205429,2096.004611,2787.972777,,,,,
660.587,2955.16327,0.000345497,0.314815767,648,647,318.5,0.3185,0.308622173,2096.414506,2579.455884,,,,,
661.608,3042.702008,0.000335557,0.315151324,649,648,319.2000122,0.319200012,0.309329604,2094.85284,3127.046561,,,,,
662.629,2585.109783,0.000394954,0.315546278,650,649,319.5,0.3195,0.309649346,2095.919171,2867.04519,,,,,
663.65,2522.186058,0.000404808,0.315951085,651,650,319.8999939,0.319899994,0.310065948,2096.328233,2646.877609,,,,,
664.671,2585.791006,0.00039485,0.316345936,652,651,320.2000122,0.320200012,0.310385585,2097.391216,2294.075307,,,,,
665.692,2586.215728,0.000394785,0.316740721,653,652,320.6000061,0.320600006,0.310802072,2097.798111,2346.546275,,,,,
666.713,2586.598918,0.000394727,0.317135448,654,653,320.7000122,0.320700012,0.31092766,2100.166962,2581.761864,,,,,
667.734,2797.870488,0.00036492,0.317500368,655,654,321.1000061,0.321100006,0.311344016,2100.570321,2458.99014,,,,,
668.755,2654.10019,0.000384688,0.317885056,656,655,321.6000061,0.321600006,0.311857296,2100.319625,2519.404706,,,,,
669.776,2351.493519,0.000434192,0.318319248,657,656,322.2999878,0.322299988,0.312564484,2098.766924,2519.818441,,,,,
670.797,2027.610277,0.000503548,0.318822796,658,657,322.6000061,0.322600006,0.312883755,2099.821385,2583.331067,,,,,
671.818,2201.164864,0.000463845,0.319286642,659,658,322.8999939,0.322899994,0.313202928,2100.874356,2460.470165,,,,,
672.839,1988.536359,0.000513443,0.319800085,660,659,323.3999939,0.323399994,0.313716056,2100.625671,2650.682588,,,,,
673.86,1951.006515,0.00052332,0.320323404,661,660,323.7000122,0.323700012,0.314035139,2101.675634,2955.16327,,,,,
674.881,2249.745284,0.000453829,0.320777234,662,661,324,0.324,0.314354125,2102.724117,3042.702008,,,,,
675.902,2407.962359,0.00042401,0.321201243,663,662,324.2999878,0.324299988,0.314673043,2103.770926,2585.109783,,,,,
676.923,2466.00409,0.00041403,0.321615274,664,663,324.6000061,0.324600006,0.314991924,2104.815867,2522.186058,,,,,
677.944,2156.321992,0.000473491,0.322088765,665,664,324.7000122,0.324700012,0.315116629,2107.15633,2585.791006,,,,,
678.965,1915.569543,0.000533001,0.322621766,666,665,324.7999878,0.324799988,0.315241204,2109.495812,2586.215728,,,,,
679.986,2069.814307,0.000493281,0.323115047,667,666,325.3999939,0.325399994,0.315851036,2108.588934,2586.598918,,,,,
681.007,2409.223819,0.000423788,0.323538835,668,667,326.2999878,0.326299988,0.316752063,2105.747928,2797.870488,,,,,
682.028,2467.374215,0.0004138,0.323952635,669,668,326.7000122,0.326700012,0.317167743,2106.141041,2654.10019,,,,,
683.049,3351.66225,0.000304625,0.32425726,670,669,327.1000061,0.327100006,0.317583344,2106.533645,2351.493519,,,,,
684.07,3585.998689,0.000284718,0.324541978,671,670,327.3999939,0.327399994,0.317901793,2107.569116,2027.610277,,,,,
685.091,2883.253511,0.000354114,0.324896092,672,671,327.7000122,0.327700012,0.318220206,2108.602747,2201.164864,,,,,
686.112,2593.017307,0.00039375,0.325289842,673,672,327.7000122,0.327700012,0.31824719,2111.566168,1988.536359,,,,,
687.133,2252.530297,0.000453268,0.32574311,674,673,328.2000122,0.328200012,0.31875968,2111.308435,1951.006515,,,,,
688.154,2252.667707,0.00045324,0.32619635,675,674,328.7999878,0.328799988,0.319369246,2110.409844,2249.745284,,,,,
689.175,2884.738452,0.000353932,0.326550282,676,675,329.6000061,0.329600006,0.320173118,2108.234455,2407.962359,,,,,
690.196,2968.616893,0.000343931,0.326894213,677,676,329.7999878,0.329799988,0.320394085,2109.901621,2466.00409,,,,,
691.217,2807.086427,0.000363722,0.327257936,678,677,331.2000122,0.331200012,0.321780887,2103.916134,2156.321992,,,,,
692.238,2412.240869,0.000423258,0.327681193,679,678,331.7000122,0.331700012,0.322293302,2103.673875,1915.569543,,,,,
693.259,2304.337735,0.000443077,0.328124271,680,679,331.3999939,0.331399994,0.322028292,2108.510391,2069.814307,,,,,
694.28,2159.320486,0.000472834,0.328597105,681,680,331.3999939,0.331399994,0.322054681,2111.442681,2409.223819,,,,,
695.301,2205.870366,0.000462856,0.329059961,682,681,331.6000061,0.331600006,0.322275349,2113.099876,2467.374215,,,,,
696.322,2663.723047,0.000383298,0.329443259,683,682,332.2000122,0.332200012,0.322884717,2112.208986,3351.66225,,,,,
697.343,2305.251072,0.000442902,0.329886161,684,683,333.2999878,0.333299988,0.323980059,2108.15444,3585.998689,,,,,
698.364,2206.542121,0.000462715,0.330348876,685,684,333.5,0.3335,0.324200597,2109.804875,2883.253511,,,,,
699.385,2115.924818,0.000482531,0.330831407,686,685,333.6000061,0.333600006,0.324323833,2112.086534,2593.017307,,,,,
700.406,2255.545101,0.000452662,0.331284069,687,686,333.7000122,0.333700012,0.324446977,2114.367058,2252.530297,,,,,
701.427,2160.713379,0.000472529,0.331756598,688,687,334,0.334,0.324764481,2115.379112,2252.667707,,,,,
702.448,2306.474055,0.000442667,0.332199265,689,688,334.2999878,0.334299988,0.325081926,2116.389579,2884.738452,,,,,
703.469,2415.109034,0.000422755,0.33262202,690,689,334.7000122,0.334700012,0.325496596,2116.765608,2968.616893,,,,,
704.49,2415.394505,0.000422705,0.333044726,691,690,335.1000061,0.335100006,0.325911193,2117.141159,2807.086427,,,,,
705.511,2415.636818,0.000422663,0.333467389,692,691,335.8999939,0.335899994,0.326714801,2114.994478,2412.240869,,,,,
706.532,2360.487438,0.000432538,0.333899926,693,692,336.5,0.3365,0.327323898,2114.113894,2304.337735,,,,,
707.553,3065.260198,0.000333088,0.334233014,694,693,336.6000061,0.336600006,0.327446578,2116.37576,2159.320486,,,,,
708.574,3065.744097,0.000333035,0.334566049,695,694,336.7000122,0.336700012,0.327569169,2118.636506,2205.870366,,,,,
709.595,2814.029321,0.000362825,0.334928874,696,695,337,0.337,0.327886245,2119.637556,2206.066473,,,,,
710.616,2475.192929,0.000412493,0.335341367,697,696,337.7000122,0.337700012,0.3285925,2118.125034,2663.723047,,,,,
711.637,2894.090937,0.000352788,0.335694155,698,697,338.2000122,0.338200012,0.329104123,2117.870763,2305.251072,,,,,
712.658,2739.994283,0.000372629,0.336066783,699,698,338.7999878,0.338799988,0.329713012,2116.992579,2206.542121,,,,,
713.679,2475.817863,0.000412389,0.336479172,700,699,339.1000061,0.339100006,0.330029954,2117.989569,2115.924818,,,,,
714.7,2417.773894,0.000422289,0.336901461,701,700,339.5,0.3395,0.330444148,2118.361016,2255.545101,,,,,
715.721,2476.37608,0.000412296,0.337313758,702,701,339.5,0.3395,0.330468945,2121.228063,2160.713379,,,,,
716.742,2476.749593,0.000412234,0.337725991,703,702,340.7000122,0.340700012,0.33166182,2116.613845,2306.474055,,,,,
717.763,2538.36119,0.000402228,0.338128219,704,703,341,0.341,0.331978556,2117.606659,2415.109034,,,,,
718.784,2538.685242,0.000402177,0.338530396,705,704,341.2999878,0.341299988,0.332295235,2118.59794,2415.394505,,,,,
719.805,2603.303372,0.000392194,0.33892259,706,705,341.2999878,0.341299988,0.332319764,2121.450715,2415.636818,,,,,
720.826,2818.15229,0.000362294,0.339284884,707,706,342.2000122,0.342200012,0.333220601,2118.716544,2360.487438,,,,,
721.847,2259.609393,0.000451848,0.339736732,708,707,342.3999939,0.342399994,0.333439745,2120.323118,3065.260198,,,,,
722.868,2363.97895,0.000431899,0.340168631,709,708,342.7999878,0.342799988,0.333853612,2120.689951,3065.744097,,,,,
723.889,2743.573491,0.000372142,0.340540774,710,709,343.1000061,0.343100006,0.334170064,2121.674187,2814.029321,,,,,
724.91,2743.886593,0.0003721,0.340912873,711,710,343.5,0.3435,0.334583843,2122.039111,2475.192929,,,,,
725.931,2604.793509,0.00039197,0.341304843,712,711,343.6000061,0.343600006,0.334705358,2124.256403,2894.090937,,,,,
726.952,2479.203956,0.000411826,0.341716669,713,712,343.7999878,0.343799988,0.334924186,2125.854239,2739.994283,,,,,
727.973,2479.561148,0.000411766,0.342128435,714,713,344.1000061,0.344100006,0.335240406,2126.831928,2475.817863,,,,,
728.994,2421.25503,0.000421682,0.342550117,715,714,344.7000122,0.344700012,0.335848858,2125.956312,2417.773894,,,,,
730.015,2480.029427,0.000411689,0.342961806,716,715,345.2000122,0.345200012,0.336359853,2125.699587,2476.37608,,,,,
731.036,2365.824007,0.000431562,0.343393368,717,716,345.5,0.3455,0.336675917,2126.674238,2476.749593,,,,,
732.057,2901.57921,0.000351877,0.343745246,718,717,345.8999939,0.345899994,0.337089388,2127.032253,2538.36119,,,,,
733.078,2822.135523,0.000361783,0.344107028,719,718,346.7000122,0.346700012,0.337892681,2124.935045,2538.685242,,,,,
734.099,2822.561405,0.000361728,0.344468756,720,719,347.1000061,0.347100006,0.338306101,2125.29422,2603.303372,,,,,
735.12,2747.192335,0.000371652,0.344840409,721,720,347.3999939,0.347399994,0.338622002,2126.264675,2818.15229,,,,,
736.141,2823.153358,0.000361652,0.345202061,722,721,347.5,0.3475,0.338742908,2128.457845,2259.609393,,,,,
737.162,2903.52598,0.000351641,0.345553702,723,722,347.6000061,0.347600006,0.338863735,2130.649947,2363.97895,,,,,
738.183,2676.424357,0.000381479,0.345935181,724,723,347.8999939,0.347899994,0.339179453,2131.614969,2743.573491,,,,,
739.204,2904.367574,0.00035154,0.346286721,725,724,348.3999939,0.348399994,0.339690132,2131.354234,2743.886593,,,,,
740.225,2676.974116,0.000381401,0.346668122,726,725,348.6000061,0.348600006,0.339908277,2132.928349,2604.793509,,,,,
741.246,2749.110959,0.000371393,0.347039515,727,726,349.7999878,0.349799988,0.341101461,2128.398975,2479.203956,,,,,
742.267,2677.519615,0.000381323,0.347420838,728,727,350,0.35,0.341319544,2129.968861,2479.561148,,,,,
743.288,2677.835249,0.000381278,0.347802116,729,728,350.2000122,0.350200012,0.341537563,2131.537141,2421.25503,,,,,
744.309,2483.358425,0.000411137,0.348213253,730,729,350.6000061,0.350600006,0.341950566,2131.887098,2480.029427,,,,,
745.33,2678.41827,0.000381195,0.348594448,731,730,351.1000061,0.351100006,0.342461077,2131.629105,2365.824007,,,,,
746.351,2610.390781,0.000391129,0.348985577,732,731,351.3999939,0.351399994,0.342776461,2132.585179,2901.57921,,,,,
747.372,2610.743494,0.000391076,0.349376653,733,732,351.5,0.3515,0.342896707,2134.753658,2822.135523,,,,,
748.393,2751.313335,0.000371096,0.349747749,734,733,351.8999939,0.351899994,0.343309543,2135.099403,2822.561405,,,,,
749.414,2679.721944,0.00038101,0.350128758,735,734,352.2999878,0.352299988,0.343722342,2135.444546,2747.192335,,,,,
750.435,2752.205389,0.000370975,0.350499734,736,735,352.7000122,0.352700012,0.344135134,2135.788902,2823.153358,,,,,
751.456,2993.992251,0.000341016,0.35084075,737,736,353.1000061,0.353100006,0.34454786,2136.132843,2903.52598,,,,,
752.477,2909.269913,0.000350947,0.351191697,738,737,353.3999939,0.353399994,0.34486296,2137.080771,2676.424357,,,,,
753.498,2612.438786,0.000390823,0.35158252,739,738,353.6000061,0.353600006,0.345080444,2138.631767,2904.367574,,,,,
754.519,2681.241572,0.000380794,0.351963313,740,739,354.1000061,0.354100006,0.345590646,2138.368062,2676.974116,,,,,
755.54,2681.456214,0.000380763,0.352344077,741,740,354.5,0.3545,0.346003216,2138.708446,2749.110959,,,,,
756.561,2427.311871,0.00042063,0.352764706,742,741,354.7000122,0.354700012,0.346220549,2140.254245,2677.519615,,,,,
757.582,2548.515215,0.000400625,0.353165332,743,742,355.1000061,0.355100006,0.346633035,2140.592281,2677.835249,,,,,
758.603,2613.915257,0.000390602,0.353555934,744,743,355.2000122,0.355200012,0.346752633,2142.737874,2483.358425,,,,,
759.624,2996.904863,0.000340685,0.353896619,745,744,355.8999939,0.355899994,0.347457903,2141.266594,2678.41827,,,,,
760.645,2682.935995,0.000380553,0.354277172,746,745,356.2000122,0.356200012,0.347772674,2142.203964,2610.390781,,,,,
761.666,2683.248225,0.000380509,0.354657681,747,746,356.7000122,0.356700012,0.34828266,2141.93839,2610.743494,,,,,
762.687,2832.082213,0.000360512,0.355018193,748,747,357,0.357,0.34859732,2142.87362,2751.313335,,,,,
763.708,3638.082507,0.000280642,0.355298835,749,748,357.5,0.3575,0.349107249,2142.608044,2679.721944,,,,,
764.729,2832.56121,0.000360451,0.355659286,750,749,357.7000122,0.357700012,0.349324193,2144.140072,2679.833374,,,,,
765.75,3089.549234,0.000330469,0.355989755,751,750,358.2000122,0.358200012,0.34983406,2143.873585,2752.205389,,,,,
766.771,2913.714324,0.000350412,0.356340167,752,751,358.3999939,0.358399994,0.350050876,2145.402432,2993.992251,,,,,
767.792,2833.479173,0.000360334,0.356700502,753,752,358.6000061,0.358600006,0.350267663,2146.929559,2909.269913,,,,,
768.813,2757.468329,0.000370267,0.357070769,754,753,358.7999878,0.358799988,0.350484364,2148.455332,2612.438786,,,,,
769.834,2616.672312,0.00039019,0.357460959,755,754,359.5,0.3595,0.351189478,2146.989153,2681.241572,,,,,
770.855,2834.428389,0.000360214,0.357821173,756,755,359.7000122,0.359700012,0.351406123,2148.511223,2681.456214,,,,,
771.876,2758.330209,0.000370151,0.358191324,757,756,359.8999939,0.359899994,0.351622682,2150.031948,2427.311871,,,,,
772.897,2758.671326,0.000370106,0.35856143,758,757,360.2999878,0.360299988,0.352034608,2150.356763,2548.515215,,,,,
773.918,2430.988439,0.000419994,0.358981424,759,758,361.2000122,0.361200012,0.35293509,2147.703704,2613.915257,,,,,
774.939,2835.64276,0.000360059,0.359341483,760,759,361.2999878,0.361299988,0.353053808,2149.813943,2996.904863,,,,,
775.96,2552.679289,0.000399972,0.359741455,761,760,361.7999878,0.361799988,0.353563377,2149.5439,2682.935995,,,,,
776.981,2686.993002,0.000379979,0.360121434,762,761,362.3999939,0.362399994,0.354170659,2148.681659,2683.248225,,,,,
778.002,2490.828776,0.000409904,0.360531337,763,762,362.3999939,0.362399994,0.354191517,2151.378461,2832.082213,,,,,
779.023,2553.349293,0.000399867,0.360931204,764,763,362.5,0.3625,0.354310042,2153.481157,3638.082507,,,,,
780.044,2618.98015,0.000389846,0.361321051,765,764,362.7000122,0.362700012,0.354526254,2154.988499,2832.56121,,,,,
781.065,2491.519096,0.00040979,0.361730841,766,765,363.2999878,0.363299988,0.355133383,2154.120215,3089.549234,,,,,
782.086,2432.420787,0.000419746,0.362150587,767,766,363.5,0.3635,0.355349508,2155.624201,2913.714324,,,,,
783.107,2432.659945,0.000419705,0.362570293,768,767,363.7000122,0.363700012,0.355565579,2157.126689,2833.479173,,,,,
784.128,2619.915568,0.000389707,0.36296,769,768,363.7999878,0.363799988,0.355683791,2159.221253,2757.468329,,,,,
785.149,2492.335896,0.000409656,0.363369656,770,769,364.7000122,0.364700012,0.356584182,2156.573506,2616.672312,,,,,
786.17,2762.002288,0.000369659,0.363739315,771,770,364.8999939,0.364899994,0.356800095,2158.071175,2834.428389,,,,,
787.191,3193.986631,0.000319663,0.364058978,772,771,365.7000122,0.365700012,0.357602705,2156.023961,2758.330209,,,,,
788.212,3407.466654,0.000299636,0.364358614,773,772,365.7999878,0.365799988,0.357720747,2158.107985,2758.671326,,,,,
789.233,2762.76951,0.000369557,0.364728171,774,773,366,0.366,0.357936557,2159.600589,2430.988439,,,,,
790.254,2555.647832,0.000399507,0.365127678,775,774,366.3999939,0.366399994,0.358347902,2159.912186,2835.64276,,,,,
791.275,2763.249727,0.000369492,0.365497171,776,775,366.7000122,0.366700012,0.358661432,2160.812208,2552.679289,,,,,
792.296,2621.600652,0.000389457,0.365886628,777,776,367,0.367,0.35897489,2161.711087,2686.993002,,,,,
793.317,2621.899051,0.000389412,0.36627604,778,777,367.2000122,0.367200012,0.359190512,2163.197449,2490.828776,,,,,
794.338,2434.581657,0.000419374,0.366695414,779,778,367.7999878,0.367799988,0.359797344,2162.32836,2553.349293,,,,,
795.359,2556.648747,0.000399351,0.367094765,780,779,368.1000061,0.368100006,0.36011072,2163.22358,2618.98015,,,,,
796.38,2435.204135,0.000419267,0.367514031,781,780,368.7000122,0.368700012,0.360717547,2162.356684,2491.519096,,,,,
797.401,2378.683607,0.000429229,0.36794326,782,781,369.2999878,0.369299988,0.361324337,2161.49293,2432.420787,,,,,
798.422,2557.488806,0.00039922,0.36834248,783,782,369.7000122,0.369700012,0.361735475,2161.800693,2432.659945,,,,,
799.443,2495.114127,0.0004092,0.36875168,784,783,369.7999878,0.369799988,0.361852982,2163.862229,2619.915568,,,,,
800.464,2324.862913,0.000439166,0.369190846,785,784,370.1000061,0.370100006,0.362166182,2164.752092,2492.335896,,,,,
801.485,2495.464598,0.000409142,0.369599988,786,785,370.6000061,0.370600006,0.362675047,2164.472042,2762.002288,,,,,
802.506,2558.237257,0.000399103,0.369999091,787,786,371,0.371,0.363086021,2164.776265,3193.986631,,,,,
803.527,2924.970981,0.000349063,0.370348154,788,787,371.2000122,0.371200012,0.363301239,2166.246397,3407.466654,,,,,
804.548,2693.640636,0.000379041,0.370727195,789,788,371.5,0.3715,0.363614261,2167.131726,2762.76951,,,,,
805.569,2325.586535,0.000439029,0.371166224,790,789,372,0.372,0.36412302,2166.850095,2555.647832,,,,,
806.59,2379.998979,0.000428992,0.371595216,791,790,372.2000122,0.372200012,0.364338109,2168.315583,2763.249727,,,,,
807.611,2437.023527,0.000418954,0.372014169,792,791,372.2999878,0.372299988,0.364455221,2170.362654,2621.600652,,,,,
808.632,2496.792357,0.000408925,0.372423094,793,792,372.5,0.3725,0.364670206,2171.825354,2621.899051,,,,,
809.653,2767.789993,0.000368886,0.37279198,794,793,373.2999878,0.373299988,0.365472538,2169.79367,2434.581657,,,,,
810.674,2767.975479,0.000368862,0.373160842,795,794,373.8999939,0.373899994,0.366079084,2168.930251,2556.648747,,,,,
811.695,2625.756721,0.00038884,0.373549682,796,795,374.1000061,0.374100006,0.366293975,2170.387872,2556.906517,,,,,
812.716,2626.047916,0.000388797,0.37393848,797,796,374.7000122,0.374700012,0.366900484,2169.525618,2435.204135,,,,,
813.737,2560.396595,0.000398766,0.374337246,798,797,374.8999939,0.374899994,0.367115268,2170.980258,2378.683607,,,,,
814.758,2695.856422,0.000378729,0.374715975,799,798,375.5,0.3755,0.367721742,2170.119163,2557.488806,,,,,
815.779,3014.64314,0.00033868,0.375054656,800,799,375.7999878,0.375799988,0.36803439,2170.99277,2495.114127,,,,,
816.8,2928.407265,0.000348654,0.375403309,801,800,376,0.376,0.368249085,2172.442599,2324.862913,,,,,
817.821,2498.325166,0.000408674,0.375811983,802,801,376.2999878,0.376299988,0.368561653,2173.313459,2495.464598,,,,,
818.842,2627.196352,0.000388627,0.37620061,803,802,376.6000061,0.376600006,0.368874212,2174.182888,2558.237257,,,,,
819.863,2561.42232,0.000398607,0.376599217,804,803,377.1000061,0.377100006,0.369382624,2173.897602,2924.970981,,,,,
820.884,2770.336232,0.000368547,0.376967764,805,804,377.7999878,0.377799988,0.370086917,2172.462639,2693.640636,,,,,
821.905,3016.352328,0.000338488,0.377306253,806,805,378.2999878,0.378299988,0.370595303,2172.180793,2325.586535,,,,,
822.926,2628.004111,0.000388508,0.37769476,807,806,378.6000061,0.378600006,0.370907754,2173.047047,2379.998979,,,,,
823.947,2276.236424,0.000448547,0.378143308,808,807,378.7000122,0.378700012,0.37102421,2175.06022,2437.023527,,,,,
824.968,2382.742795,0.000428498,0.378571805,809,808,378.7999878,0.378799988,0.37114058,2177.072635,2496.792357,,,,,
825.989,2499.734803,0.000408443,0.378980249,810,809,379.3999939,0.379399994,0.371746838,2176.21219,2767.789993,,,,,
827.01,2698.435628,0.000378367,0.379358616,811,810,380.2000122,0.380200012,0.372549076,2174.210198,2767.975479,,,,,
828.031,2931.254415,0.000348315,0.379706931,812,811,380.3999939,0.380399994,0.372763335,2175.64316,2625.756721,,,,,
829.052,2629.151057,0.000388338,0.380095269,813,812,380.6000061,0.380600006,0.372977578,2177.074566,2626.047916,,,,,
830.073,2440.475464,0.000418361,0.380513631,814,813,381,0.381,0.373387763,2177.361128,2560.396595,,,,,
831.094,2440.675737,0.000418327,0.380931957,815,814,381.2999878,0.381299988,0.373699908,2178.21836,2695.856422,,,,,
832.115,2383.787576,0.00042831,0.381360267,816,815,381.7999878,0.381799988,0.374208052,2177.932824,3014.64314,,,,,
833.136,2629.929556,0.000388223,0.381748491,817,816,382.2999878,0.382299988,0.37471618,2177.648159,2928.407265,,,,,
834.157,2850.653121,0.000358164,0.382106654,818,817,382.3999939,0.382399994,0.374832214,2179.641904,2498.325166,,,,,
835.178,2699.88373,0.000378164,0.382484819,819,818,382.6000061,0.382600006,0.375046225,2181.064482,2627.196352,,,,,
836.199,2773.629097,0.00036811,0.382852928,820,819,383,0.383,0.375456234,2181.346121,2561.42232,,,,,
837.22,2564.528692,0.000398124,0.383251052,821,820,383.3999939,0.383399994,0.375866218,2181.627294,2770.336232,,,,,
838.241,2630.880764,0.000388083,0.383639135,822,821,383.7000122,0.383700012,0.376178161,2182.476512,3016.352328,,,,,
839.262,2330.169329,0.000438166,0.384077301,823,822,384.5,0.3845,0.37698026,2180.485524,2628.004111,,,,,
840.283,2384.764142,0.000428135,0.384505435,824,823,384.7000122,0.384700012,0.377194102,2181.900503,2276.236424,,,,,
841.304,2384.946174,0.000428102,0.384933537,825,824,385.1000061,0.385100006,0.377603989,2182.180339,2382.742795,,,,,
842.325,2502.26573,0.00040803,0.385341567,826,825,385.2999878,0.385299988,0.377817722,2183.592646,2499.734803,,,,,
843.346,2442.471735,0.000418019,0.385759587,827,826,385.5,0.3855,0.378031443,2185.003433,2698.435628,,,,,
844.367,2565.601362,0.000397957,0.386157544,828,827,386.1000061,0.386100006,0.378637383,2184.147783,2931.254415,,,,,
845.388,2565.780336,0.00039793,0.386555474,829,828,386.8999939,0.386899994,0.379439441,2182.1664,2629.151057,,,,,
846.409,2190.511799,0.000466101,0.387021575,830,829,387.1000061,0.387100006,0.379653078,2183.572444,2440.475464,,,,,
847.43,2191.340428,0.000465925,0.3874875,831,830,387.2999878,0.387299988,0.379866642,2184.977325,2440.675737,,,,,
848.451,2191.608094,0.000465868,0.387953368,832,831,387.2999878,0.387299988,0.379884011,2187.509805,2383.787576,,,,,
849.472,2187.967173,0.000466643,0.388420011,833,832,387.7999878,0.387799988,0.380391769,2187.218726,2629.929556,,,,,
850.493,2187.124361,0.000466823,0.388886834,834,833,388.3999939,0.388399994,0.380997611,2186.365417,2850.653121,,,,,
851.514,2605.747701,0.000391826,0.38927866,835,834,389.1000061,0.389100006,0.381701551,2184.953135,2699.88373,,,,,
852.535,2611.480044,0.000390966,0.389669626,836,835,389.2999878,0.389299988,0.381914948,2186.350662,2773.629097,,,,,
853.556,2613.847706,0.000390612,0.390060238,837,836,389.6000061,0.389600006,0.382226447,2187.185125,2564.528692,,,,,
854.577,2614.982613,0.000390442,0.39045068,838,837,389.7999878,0.389799988,0.382439766,2188.57994,2630.880764,,,,,
855.598,2608.65632,0.000391389,0.390842069,839,838,390.2999878,0.390299988,0.38294741,2188.290035,2330.169329,,,,,
856.619,2606.921946,0.00039165,0.391233719,840,839,390.7000122,0.390700012,0.383356941,2188.560867,2384.764142,,,,,
857.64,2612.663485,0.000390789,0.391624508,841,840,390.7999878,0.390799988,0.383472027,2190.511799,2384.946174,,,,,
858.661,2617.41174,0.00039008,0.392014588,842,841,391.1000061,0.391100006,0.383783363,2191.340428,2502.26573,,,,,
859.682,2621.093132,0.000389532,0.39240412,843,842,391.5,0.3915,0.384192777,2191.608094,2442.471735,,,,,
860.703,2623.629883,0.000389156,0.392793276,844,843,392.6000061,0.392600006,0.385289144,2187.967173,2565.601362,,,,,
861.724,2620.687839,0.000389592,0.393182868,845,844,393.2000122,0.393200012,0.385894838,2187.124361,2565.780336,,,,,
862.745,2617.681969,0.00039004,0.393572908,846,845,393.3999939,0.393399994,0.386107915,2188.507324,2190.511799,,,,,
863.766,2617.517178,0.000390064,0.393962972,847,846,393.5,0.3935,0.386222826,2190.44537,2191.340428,,,,,
864.787,2617.343082,0.00039009,0.394353062,848,847,393.7999878,0.393799988,0.386533979,2191.269192,2191.608094,,,,,
865.808,2618.505255,0.000389917,0.394742979,849,848,394.1000061,0.394100006,0.386845131,2192.091697,2187.967173,,,,,
866.829,2616.92666,0.000390152,0.395133132,850,849,394.5,0.3945,0.387254391,2192.357322,2187.124361,,,,,
867.85,2608.809997,0.000391366,0.395524498,851,,,,,,,,,,,
868.871,2602.287604,0.000392347,0.395916845,852,,,,,,,,,,,
869.892,2604.409286,0.000392027,0.396308873,853,,,,,,,,,,,
870.913,2603.944244,0.000392097,0.39670097,854,,,,,,,,,,,
871.934,2604.812038,0.000391967,0.397092937,855,,,,,,,,,,,
872.955,2601.433993,0.000392476,0.397485413,856,,,,,,,,,,,
873.976,2592.966272,0.000393758,0.39787917,857,,,,,,,,,,,
874.997,2592.251214,0.000393866,0.398273036,858,,,,,,,,,,,
876.018,2598.700496,0.000392889,0.398665925,859,,,,,,,,,,,
877.039,2603.107796,0.000392223,0.399058149,860,,,,,,,,,,,
878.06,2605.217449,0.000391906,0.399450054,861,,,,,,,,,,,
879.081,2603.315037,0.000392192,0.399842247,862,,,,,,,,,,,
880.102,2596.622397,0.000393203,0.40023545,863,,,,,,,,,,,
881.123,2595.958546,0.000393304,0.400628753,864,,,,,,,,,,,
882.144,2599.131671,0.000392824,0.401021577,865,,,,,,,,,,,
883.165,2602.365465,0.000392335,0.401413912,866,,,,,,,,,,,
884.186,2606.826238,0.000391664,0.401805576,867,,,,,,,,,,,
885.207,2606.354742,0.000391735,0.402197311,868,,,,,,,,,,,
886.228,2601.369061,0.000392486,0.402589797,869,,,,,,,,,,,
887.249,2599.358557,0.000392789,0.402982586,870,,,,,,,,,,,
888.27,2595.802016,0.000393327,0.403375913,871,,,,,,,,,,,
889.291,2596.440247,0.000393231,0.403769144,872,,,,,,,,,,,
890.312,2595.737379,0.000393337,0.404162481,873,,,,,,,,,,,
891.333,2601.157135,0.000392518,0.404554999,874,,,,,,,,,,,
892.354,2605.573319,0.000391852,0.404946851,875,,,,,,,,,,,
893.375,2610.075914,0.000391176,0.405338028,876,,,,,,,,,,,
894.396,2612.276121,0.000390847,0.405728874,877,,,,,,,,,,,
895.417,2615.741517,0.000390329,0.406119204,878,,,,,,,,,,,
896.438,2616.764786,0.000390176,0.40650938,879,,,,,,,,,,,
897.459,2617.805285,0.000390021,0.406899401,880,,,,,,,,,,,
898.48,2626.52556,0.000388726,0.407288128,881,,,,,,,,,,,
899.501,2635.406889,0.000387416,0.407675544,882,,,,,,,,,,,
900.522,2644.464007,0.00038609,0.408061634,883,,,,,,,,,,,
