Depth,P wave first break ms,"P wave first break, s","Vertical travel time, s","Average velocity, m/s","Inverval velocity (11 m interval), m/s",,,,,offset (m)
70,113.699996948242,0.113699996948242,0.0444055163956829,1576.38072207636,,,,,,165
71,113.599998474121,0.113599998474121,0.044901837055305,1581.22706455306,,,,,,
72,113.900001525879,0.113900001525879,0.045553674150471,1580.55308035467,,,,,,
73,113.900001525879,0.113900001525879,0.0460833890613949,1584.08488366047,,,,,,
74,114,0.114,0.0466504732935473,1586.26472092483,,,,,,
75,114.099998474121,0.114099998474121,0.0472149153133519,1588.48108700919,,,,,,
76,113.800003051758,0.113800003051758,0.0476093569874478,1596.32485731822,,,,,,
77,113.5,0.1135,0.0479975003150826,1604.2502108345,,,,,,
78,112.400001525879,0.112400001525879,0.0480374695909496,1623.73248766408,,,,,,
79,113.199996948242,0.113199996948242,0.0488845479034531,1616.05258487866,,,,,,
80,114.199996948242,0.114199996948242,0.0498224331131108,1605.70239149858,,,,,,
81,114.5,0.1145,0.050457080328213,1605.32475270292,,,,,,
82,114.599998474121,0.114599998474121,0.0510017374348502,1607.78836416597,,,,,,
83,115,0.115,0.0516784655704574,1606.08483792615,1453.4511840757,,,,,
84,115.300003051758,0.115300003051758,0.0523096559737646,1605.82206929691,1512.38410005605,,,,,
85,115.5,0.1155,0.0528939861073829,1606.98798210135,1599.70548553975,,,,,
86,115.699996948242,0.115699996948242,0.0534763792681367,1608.18666441096,1627.8321398234,,,,,
87,116.199996948242,0.116199996948242,0.0541967432096386,1605.26250928907,1583.01425178485,,,,,
88,116.699996948242,0.116699996948242,0.0549176456227021,1602.39935638505,1597.16958368292,,,,,
89,116.900001525879,0.116900001525879,0.0554966248220278,1603.70113111228,1612.94207898948,,,,,
90,117.099998474121,0.117099998474121,0.0560735837720247,1605.03384919908,1630.3880215485,,,,,
91,117.199996948242,0.117199996948242,0.0566002198788824,1607.76760575717,1621.58699381821,,,,,
92,117.699996948242,0.117699996948242,0.0573187999557498,1605.05802757602,1692.40208218119,,,,,
93,118,0.118,0.0579395414775887,1605.1214356947,1665.55859086488,,,,,
94,118.199996948242,0.118199996948242,0.0585095066257267,1606.57652783331,1685.15587078155,,,,,
95,118.300003051758,0.118300003051758,0.0590274953504784,1609.41946521588,1690.53113912592,,,,,
96,118.599998474121,0.118599998474121,0.0596431776194567,1609.57218967292,1697.09826303643,,,,,
97,118.599998474121,0.118599998474121,0.0601055045526357,1613.82889507325,1654.87217272465,,,,,
98,119.300003051758,0.119300003051758,0.0609216373494701,1608.62386934603,1673.48862716861,,,,,
99,119.400001525879,0.119400001525879,0.0614307939831049,1611.56959858321,1693.87844186338,,,,,
100,119.599998474121,0.119599998474121,0.0619888844538983,1613.19244379,1669.97155849842,,,,,
101,119.699996948242,0.119699996948242,0.0624926306000554,1616.19056567464,1644.30316977514,,,,,
102,120.5,0.1205,0.0633615627532749,1609.80877945167,1636.45270732532,,,,,
103,120.699996948242,0.120699996948242,0.0639150825345477,1611.51321277456,1696.99134676498,,,,,
104,120.800003051758,0.120800003051758,0.0644131179787346,1614.57795032271,1703.56534145509,,,,,
105,121.099998474121,0.121099998474121,0.0650156212853846,1614.99648736886,1693.07284362366,,,,,
106,121.599998474121,0.121599998474121,0.0657247811727524,1612.78589458346,1683.54957503925,,,,,
107,121.699996948242,0.121699996948242,0.0662162830402978,1615.91673659607,1621.40387915292,,,,,
108,122,0.122,0.0668144193127153,1616.41755044703,1656.40638718108,,,,,
109,122.099998474121,0.122099998474121,0.0673008359220062,1619.59355343399,1646.78614402602,,,,,
110,122.400001525879,0.122400001525879,0.0678953048643734,1620.14148430049,1666.38183998583,,,,,
111,122.599998474121,0.122599998474121,0.0684324616262769,1622.03722271738,1717.98911163884,,,,,
112,123.800003051758,0.123800003051758,0.0695290575573606,1610.83730938826,1612.12365651829,,,,,
113,123.800003051758,0.123800003051758,0.0699522483396242,1615.38767776806,1646.59293491977,,,,,
114,124,0.124,0.0704855518744633,1617.3527335508,1668.43180638515,,,,,
115,124.199996948242,0.124199996948242,0.0710166468366982,1619.33863569257,1689.11980007793,,,,,
116,124.400001525879,0.124400001525879,0.0715455398331264,1621.34495414473,1677.5458133088,,,,,
117,125.199996948242,0.125199996948242,0.0724192811537285,1615.59184427193,1858.22498008464,,,,,
118,125.300003051758,0.125300003051758,0.0728875657400606,1618.93182742341,1847.29530520029,,,,,
119,125.300003051758,0.125300003051758,0.073294488141851,1623.58729853864,1875.38439926914,,,,,
120,125.5,0.1255,0.0738155480582183,1625.67376598432,1800.98735185293,,,,,
121,125.800003051758,0.125800003051758,0.0743935506890405,1626.48507672084,1612.87813205479,,,,,
122,126,0.126,0.0749105372528625,1628.60933153083,1581.1920062446,,,,,
123,126.099998474121,0.126099998474121,0.075365568003161,1632.04502080899,1570.77172410152,,,,,
124,126.199996948242,0.126199996948242,0.0758177920295468,1635.50001497902,1576.23690636399,,,,,
125,126.800003051758,0.126800003051758,0.0765691566806522,1632.51112352378,1564.87266803419,,,,,
126,128.100006103516,0.128100006103516,0.0777456362950086,1620.6697379373,1615.17414327337,,,,,
127,129.100006103516,0.129100006103516,0.078743623776577,1612.82900010219,1636.01630781839,,,,,
128,129.300003051758,0.129300003051758,0.0792538631762587,1615.06322682758,2094.30199857015,,,,,
129,129.300003051758,0.129300003051758,0.0796387121348468,1619.81524489714,2427.83585287701,,,,,
130,129.600006103516,0.129600006103516,0.0802058443451118,1620.8295176176,2684.27763496162,,,,,
131,129.600006103516,0.129600006103516,0.0805848335557496,1625.61606470742,3443.98891067026,,,,,
132,129.699996948242,0.129699996948242,0.0810229457613907,1629.16811724835,4193.00717086386,,,,,
133,127.699996948242,0.127699996948242,0.0801404285566186,1659.58683270625,4497.11609501071,,,,,
134,126.800003051758,0.126800003051758,0.0799366866360952,1676.32667350879,4446.26201811595,,,,,
135,126.800003051758,0.126800003051758,0.0802945537371094,1681.30954986064,4506.36481684647,,,,,
136,126.800003051758,0.126800003051758,0.080649246108913,1686.31458521433,3794.15412811209,,,,,
137,127,0.127,0.0811285469576026,1688.67809344096,3748.73157572085,,,,,
138,127,0.127,0.0814775104623705,1693.71890742457,2488.71019635385,,,,,
139,127.099998474121,0.127099998474121,0.0818877923643195,1697.44471045926,2103.61289375465,,,,,
140,127.400001525879,0.127400001525879,0.0824249278872645,1698.51528643717,2085.84713977224,,,,,
141,128.100006103516,0.128100006103516,0.0832204671284363,1694.29474341199,2040.11326554554,,,,,
142,128.300003051758,0.128300003051758,0.0836905147238543,1696.72752603499,2076.38106536934,,,,,
143,128.5,0.1285,0.0841585741866927,1699.17327357254,1976.80006592963,,,,,
144,128.800003051758,0.128800003051758,0.0846904129655395,1700.31051871944,1958.86637463929,,,,,
145,128.899993896484,0.128899993896484,0.0850887689072066,1704.10269019322,1964.71114825669,,,,,
146,129.100006103516,0.129100006103516,0.0855509347400714,1706.58567838669,2020.27547982169,,,,,
147,129.199996948242,0.129199996948242,0.0859446186155385,1710.40377359267,1947.46494068401,,,,,
148,129.600006103516,0.129600006103516,0.0865361909897294,1710.26709527307,1928.46166195093,,,,,
149,129.800003051758,0.129800003051758,0.0869927858082146,1712.78570533984,1959.75719100274,,,,,
150,130.100006103516,0.130100006103516,0.0875147346045894,1713.99708492213,1941.19761849638,,,,,
151,130.600006103516,0.130600006103516,0.088170287140548,1712.59508046399,1921.86723008974,,,,,
152,131.100006103516,0.131100006103516,0.0888253953530725,1711.22233000838,1854.90816671704,,,,,
153,131.399993896484,0.131399993896484,0.0893440545088078,1712.48104690522,1907.74428080894,,,,,
154,131.600006103516,0.131600006103516,0.0897930859119178,1715.05409838644,1840.33551584632,,,,,
155,131.800003051758,0.131800003051758,0.0902402279367854,1717.63750539925,1893.39881835307,,,,,
156,132.100006103516,0.132100006103516,0.090754207808801,1718.92856283488,1847.61865328803,,,,,
157,132.5,0.1325,0.0913357210859636,1718.93316364398,1899.74854841527,,,,,
158,132.699996948242,0.132699996948242,0.0917779836663452,1721.54577479499,1904.60987484429,,,,,
159,133.199996948242,0.133199996948242,0.092426577589058,1720.28440463237,1910.31052597022,,,,,
160,133.300003051758,0.133300003051758,0.0927962420730995,1724.20775265836,1890.39400389568,,,,,
161,134,0.134,0.0935826594297128,1720.4041964732,1920.88200923094,,,,,
162,134.300003051758,0.134300003051758,0.0940892498817899,1721.76949230152,1873.6337235914,,,,,
163,134.600006103516,0.134600006103516,0.0945944735747163,1723.14506165366,1806.24709428724,,,,,
164,134.800003051758,0.134800003051758,0.0950278369453505,1725.81009177674,1881.82869691954,,,,,
165,135.100006103516,0.135100006103516,0.0955301304541401,1727.20375462283,1913.77129000792,,,,,
166,135.300003051758,0.135300003051758,0.0959601496375777,1729.88475556727,2027.09328882488,,,,,
167,135.899993896484,0.135899993896484,0.0966729435505721,1727.47403633818,2032.68928451613,,,,,
168,136.399993896484,0.136399993896484,0.0973143247525829,1726.36454527257,1979.88305519948,,,,,
169,136.600006103516,0.136600006103516,0.0977405575577818,1729.06727997834,2014.85676363803,,,,,
170,136.600006103516,0.136600006103516,0.0980215268561933,1734.31291525795,1934.89506827276,,,,,
171,136.899993896484,0.136899993896484,0.0985158315018265,1735.76162727541,1940.3492746238,,,,,
172,137.199996948242,0.137199996948242,0.0990088409261145,1737.218599785,2091.35708328845,,,,,
173,137.699996948242,0.137699996948242,0.0996452769409749,1736.15855473488,2161.91805467173,,,,,
174,137.800003051758,0.137800003051758,0.0999909689061277,1740.15715522621,2102.22146841572,,,,,
175,138.399993896484,0.138399993896484,0.100698369375193,1737.86329496525,1987.03491767627,,,,,
176,138.600006103516,0.138600006103516,0.101113860946558,1740.61200267115,1907.6839913081,,,,,
177,138.699996948242,0.138699996948242,0.101454527757261,1744.6239602385,1911.97013752389,,,,,
178,139,0.139,0.10193984697272,1746.12779287018,1942.47663705079,,,,,
179,139.399993896484,0.139399993896484,0.102497430299423,1746.38524572852,1948.39051792167,,,,,
180,139.800003051758,0.139800003051758,0.10305415104968,1746.65453226844,2039.80283504714,,,,,
181,140.399993896484,0.140399993896484,0.103757789837464,1744.44733531367,2077.48503410897,,,,,
182,140.699996948242,0.140699996948242,0.104239048136856,1745.9867799354,2052.34193461479,,,,,
183,141.100006103516,0.141100006103516,0.104793344006112,1746.2941156771,2026.10770464993,,,,,
184,141.199996948242,0.141199996948242,0.105123410225267,1750.32373479618,2030.22171793311,,,,,
185,141.5,0.1415,0.105600803977294,1751.88060158877,2132.61784708742,,,,,
186,141.600006103516,0.141600006103516,0.105927373359796,1755.92006202426,2207.09720050817,,,,,
187,141.800003051758,0.141800003051758,0.106327010179094,1758.72527295767,1980.51019264276,,,,,
188,142.199996948242,0.142199996948242,0.106875418747631,1759.05743531102,2014.64932686887,,,,,
189,142.600006103516,0.142600006103516,0.107423000699774,1759.39974464331,1990.05097758347,,,,,
190,142.699996948242,0.142699996948242,0.107743223690452,1763.4519693403,2025.30313532416,,,,,
191,143.100006103516,0.143100006103516,0.108288627898288,1763.80478455596,2000.22992557062,,,,,
192,144.100006103516,0.144100006103516,0.109288252143555,1756.82194777714,2005.29581522194,,,,,
193,144.399993896484,0.144399993896484,0.109756986991833,1758.43019464775,2072.98971196103,,,,,
194,144.600006103516,0.144600006103516,0.110148407128684,1761.2601494396,2044.38578063151,,,,,
195,144.800003051758,0.144800003051758,0.110538336451118,1764.09385431843,1957.44923704481,,,,,
196,145,0.145,0.110926798611944,1766.93100722818,1990.97482953238,,,,,
197,145.199996948242,0.145199996948242,0.11131380560553,1769.77149355689,2087.19928165952,,,,,
198,145.399993896484,0.145399993896484,0.111699369364608,1772.61520030333,2091.96984694801,,,,,
199,145.899993896484,0.145899993896484,0.112314445403968,1771.81126865957,2097.43346559886,,,,,
200,146.300003051758,0.146300003051758,0.112851913004458,1772.23402488622,2036.16517364302,,,,,
201,146.600006103516,0.146600006103516,0.113311293103126,1773.87438176236,2009.11840122793,,,,,
202,147.300003051758,0.147300003051758,0.114079361496587,1770.69714758216,2013.85015942186,,,,,
203,147.600006103516,0.147600006103516,0.114537170613786,1772.35039867107,1987.13827241442,,,,,
204,147.800003051758,0.147800003051758,0.11491613881792,1775.20757396164,2053.99801158531,,,,,
205,148.199996948242,0.148199996948242,0.115449529378609,1775.66769742054,2091.47471119878,,,,,
206,148.5,0.1485,0.115904106068731,1777.3313387003,2028.94122128215,,,,,
207,148.699996948242,0.148699996948242,0.116279418341519,1780.19466344447,1998.54869525578,,,,,
208,149,0.149,0.116731731801998,1781.86339557449,2034.62490169798,,,,,
209,149.300003051758,0.149300003051758,0.117182999289413,1783.53516523179,2039.26602380558,,,,,
210,149.600006103516,0.149600006103516,0.117633228287141,1785.2098684854,2076.33896981098,,,,,
211,150.100006103516,0.150100006103516,0.118239972108267,1784.50651025861,2046.71124972935,,,,,
212,150.899993896484,0.150899993896484,0.119082992393216,1780.27101720764,1986.43409144445,,,,,
213,151.100006103516,0.151100006103516,0.119452081461311,1783.1418037616,2022.15132806169,,,,,
214,151.300003051758,0.151300003051758,0.119819863924534,1786.01438017642,1993.68683737691,,,,,
215,151.600006103516,0.151600006103516,0.120265698677262,1787.70840201878,2063.22693084927,,,,,
216,152,0.152,0.120789993123548,1788.22760407866,1772.56626370591,,,,,
217,152.399993896484,0.152399993896484,0.121313564726275,1788.75297654987,1969.07508344801,,,,,
218,152.600006103516,0.152600006103516,0.121676960114652,1791.62924348691,1973.02341138589,,,,,
219,153,0.153,0.122198832173757,1792.16115329645,2008.9225306735,,,,,
220,153.100006103516,0.153100006103516,0.122480004882813,1796.21155477984,2012.47750539895,,,,,
221,154.600006103516,0.154600006103516,0.12388151014538,1783.96275393032,2015.49144444095,,,,,
222,154.699996948242,0.154699996948242,0.12416151889739,1787.99359069911,1954.66427392875,,,,,
223,154.899993896484,0.154899993896484,0.124520445040928,1790.87056689127,1958.36419329074,,,,,
224,155,0.155,0.124797656670304,1794.90549723841,2025.5222573103,,,,,
225,155.300003051758,0.155300003051758,0.125234698317344,1796.62667793435,1904.3971178554,,,,,
226,155.699996948242,0.155699996948242,0.125751562187798,1797.19437331912,2292.05876544458,,,,,
227,156.300003051758,0.156300003051758,0.12642953278963,1795.46657328643,2298.25917208467,,,,,
228,156.5,0.1565,0.12678326262685,1798.34463379486,2261.26769531793,,,,,
229,156.699996948242,0.156699996948242,0.127135830502909,1801.22314137682,2147.75398441078,,,,,
230,157.199996948242,0.157199996948242,0.127731010519316,1800.65904955177,2271.73608720091,,,,,
231,157.600006103516,0.157600006103516,0.128244400028817,1801.24824123388,2012.90192605047,,,,,
232,157.699996948242,0.157699996948242,0.128512638266982,1805.26991841864,1981.94521447139,,,,,
233,158,0.158,0.128942743214959,1807.00359082301,1953.6206023981,,,,,
234,158.399993896484,0.158399993896484,0.129453683418518,1807.59630642172,1957.00134762912,,,,,
235,158.399993896484,0.158399993896484,0.129636618089777,1812.75941522368,2024.39834162968,,,,,
236,159.5,0.1595,0.130719514113614,1805.39226756062,2061.61517168355,,,,,
237,160.199996948242,0.160199996948242,0.131475080934444,1802.62296334446,2065.92369994249,,,,,
238,160.5,0.1605,0.131901963764484,1804.37040668294,1876.50211237215,,,,,
239,160.699996948242,0.160699996948242,0.132245689017884,1807.24227591026,1794.81069103311,,,,,
240,161,0.161,0.132670749796098,1808.98955021251,1771.62048053839,,,,,
241,161.300003051758,0.161300003051758,0.133094965807217,1810.73715702424,2041.09912297486,,,,,
242,161.399993896484,0.161399993896484,0.133353088086246,1814.73112826218,2191.2716882539,,,,,
243,162.300003051758,0.162300003051758,0.134271807293314,1809.76189192993,2045.53332282414,,,,,
244,163,0.163,0.135025301667707,1807.06872701885,1949.20153724472,,,,,
245,163.100006103516,0.163100006103516,0.135281167873352,1811.04291049117,1890.29211269102,,,,,
246,163.300003051758,0.163300003051758,0.135618835213426,1813.90733531124,1923.13625050378,,,,,
247,163.600006103516,0.163600006103516,0.136038641014011,1815.6605958344,1926.43137323143,,,,,
248,164.300003051758,0.164300003051758,0.136790664372985,1812.98922069551,2133.20335704024,,,,,
249,164.800003051758,0.164800003051758,0.137375994842563,1812.54374379863,2134.68215464505,,,,,
250,165.300003051758,0.165300003051758,0.137960937451679,1812.10714146939,1930.9037745516,,,,,
251,165.5,0.1655,0.138294805390804,1814.96332628478,1933.76916259673,,,,,
252,165.600006103516,0.165600006103516,0.138544033447163,1818.91629491288,1968.3161277345,,,,,
253,165.899993896484,0.165899993896484,0.138959592903156,1820.67315191633,2002.58385183825,,,,,
254,166.600006103516,0.166600006103516,0.139709839821662,1818.0537628862,2004.49725963364,,,,,
255,167.300003051758,0.167300003051758,0.14046008985372,1815.46231577643,2152.25181557503,,,,,
256,167.5,0.1675,0.14079008325762,1818.30988430888,1975.91382553789,,,,,
257,167.699996948242,0.167699996948242,0.141119125728379,1821.15640720921,1915.06429091916,,,,,
258,168.300003051758,0.168300003051758,0.141784213077985,1819.66662154477,1949.00737689558,,,,,
259,168.800003051758,0.168800003051758,0.142364776918437,1819.27022685102,2164.75100210568,,,,,
260,168.899993896484,0.168899993896484,0.142607233915519,1823.18941936721,2206.77246779166,,,,,
261,169.600006103516,0.169600006103516,0.143355754846572,1820.64543051891,2020.77549182943,,,,,
262,169.899993896484,0.169899993896484,0.143765790255756,1822.40851271995,1989.50504624706,,,,,
263,170.100006103516,0.170100006103516,0.144090409809518,1825.2429176076,2175.28934732464,,,,,
264,170.199996948242,0.170199996948242,0.14432930875378,1829.15031104578,2137.89169857905,,,,,
265,170.800003051758,0.170800003051758,0.144991594639987,1827.69215455553,1995.79951808372,,,,,
266,171.5,0.1715,0.145738678507529,1825.18465738838,1869.29104001389,,,,,
267,171.800003051758,0.171800003051758,0.146145501519113,1826.94641452977,1901.72397725244,,,,,
268,171.899993896484,0.171899993896484,0.14638130266163,1830.83491625635,1904.13901745366,,,,,
269,172.5,0.1725,0.14704228233494,1829.40577178514,1846.51821225453,,,,,
270,173,0.173,0.147617757221789,1829.04824650829,1877.25815819734,,,,,
271,174.100006103516,0.174100006103516,0.148705376594037,1822.3954385982,2042.64739259452,,,,,
272,174.300003051758,0.174300003051758,0.149024176919444,1825.20719538704,2119.61867833918,,,,,
273,174.5,0.1745,0.149342127204277,1828.01735257579,2048.31224230021,,,,,
274,174.800003051758,0.174800003051758,0.14974490657114,1829.77842969123,1946.68264609254,,,,,
275,175.300003051758,0.175300003051758,0.15031851249427,1829.4486516455,1948.17289738562,,,,,
276,175.5,0.1755,0.150634286058913,1832.25218654442,2250.14783701108,,,,,
277,175.600006103516,0.175600006103516,0.150863331241125,1836.09892292031,1856.46863512718,,,,,
278,175.899993896484,0.175899993896484,0.151263370831456,1837.85405859928,1858.56166608253,,,,,
279,176.800003051758,0.176800003051758,0.152179226469143,1833.36455621012,1860.37267660826,,,,,
280,177.300003051758,0.177300003051758,0.152750771859976,1833.05129388591,1956.16099996989,,,,,
281,177.600006103516,0.177600006103516,0.153149529033942,1834.80812361965,1834.07023401293,,,,,
282,178.899993896484,0.178899993896484,0.154410747858907,1826.29774099455,1807.51837296081,,,,,
283,179.100006103516,0.179100006103516,0.154722632022865,1829.07953607057,1727.75272676683,,,,,
284,179.399993896484,0.179399993896484,0.155120173648396,1830.83858998076,1898.69591050968,,,,,
285,179.600006103516,0.179600006103516,0.155430566154553,1833.61617377504,1839.23417124184,,,,,
286,180.199996948242,0.180199996948242,0.156086639962569,1832.31569382611,1756.50956942941,,,,,
287,180.399993896484,0.180399993896484,0.156395778462461,1835.08789573171,2110.46525086647,,,,,
288,181,0.181,0.157051236100066,1833.79645491296,2113.23976149344,,,,,
289,181.300003051758,0.181300003051758,0.157445999281287,1835.54997471663,2004.69570925654,,,,,
290,182,0.182,0.158187817428376,1833.26380447284,2042.85801364504,,,,,
291,182.600006103516,0.182600006103516,0.15884263778441,1832.00181046452,2244.47382847706,,,,,
292,182.800003051758,0.182800003051758,0.159149039567758,1834.7581662639,2247.61510645615,,,,,
293,183,0.183,0.159454702743006,1837.51244058465,2085.16315285979,,,,,
294,183.600006103516,0.183600006103516,0.160108461872801,1836.25522699462,1945.2065118048,,,,,
295,183.699996948242,0.183699996948242,0.160325668963073,1840.00479716037,2050.87460061928,,,,,
296,183.800003051758,0.183800003051758,0.160542027177659,1843.75397024507,2169.21711846815,,,,,
297,184,0.184,0.160844938806363,1846.49888398136,2054.51379768947,,,,,
298,185,0.185,0.161847023895513,1841.24485472397,2094.73613278693,,,,,
299,185.699996948242,0.185699996948242,0.162586841623379,1839.01721083071,2176.20470508961,,,,,
300,186.100006103516,0.186100006103516,0.163063785952722,1839.7708494698,1828.73172868715,,,,,
301,186.399993896484,0.186399993896484,0.163452595872452,1841.51250944269,1746.24062377916,,,,,
302,186.899993896484,0.186899993896484,0.164016371201766,1841.27960999998,1695.50339568844,,,,,
303,187,0.187,0.164228573706264,1844.9895359984,1925.50957301274,,,,,
304,187.399993896484,0.187399993896484,0.164703617823256,1845.73966266013,2066.65723393226,,,,,
305,188.5,0.1885,0.165793939591909,1839.6329850822,2068.40422499091,,,,,
306,188.899993896484,0.188899993896484,0.16626861483335,1840.39543666556,2033.21987009691,,,,,
307,189.300003051758,0.189300003051758,0.166742892196152,1841.15794056668,1963.94367848349,,,,,
308,189.5,0.1895,0.167040454320454,1843.86471680163,1868.65322580614,,,,,
309,189.800003051758,0.189800003051758,0.167425573385865,1845.5961879124,1809.98042783638,,,,,
310,190.199996948242,0.190199996948242,0.167898430882943,1846.35436060822,2038.40578554353,,,,,
311,190.600006103516,0.190600006103516,0.168370903108709,1847.11250137562,2003.77698916309,,,,,
312,191.300003051758,0.191300003051758,0.169108166913404,1844.97298796792,1872.09770107314,,,,,
313,191.699996948242,0.191699996948242,0.169580021402337,1845.73629258715,1873.76319768554,,,,,
314,192.300003051758,0.192300003051758,0.170228539444621,1844.57906426526,1875.20221431765,,,,,
315,192.699996948242,0.192699996948242,0.170699734145142,1845.34558051603,1941.16593953921,,,,,
316,193.199996948242,0.193199996948242,0.171259190158889,1845.15645383366,1909.5180765462,,,,,
317,194,0.194,0.172084493755872,1842.11832850967,1943.15975898739,,,,,
318,194.199996948242,0.194199996948242,0.172377307991373,1844.79038282647,1818.52445589136,,,,,
319,194.5,0.1945,0.172758331593832,1846.51007599444,1912.21829162703,,,,,
320,194.699996948242,0.194699996948242,0.173049973982022,1849.17681659545,1913.4646515601,,,,,
321,195.199996948242,0.195199996948242,0.173607826562237,1848.99498113885,1821.17001886862,,,,,
322,195.800003051758,0.195800003051758,0.17425442416464,1847.87273863283,1948.20010405449,,,,,
323,196.600006103516,0.196600006103516,0.175078985118554,1844.88161032737,1916.54834245679,,,,,
324,196.899993896484,0.196899993896484,0.175458067916232,1846.59505172874,1917.98453171912,,,,,
325,197.300003051758,0.197300003051758,0.17592585629579,1847.36915222721,1855.88991690803,,,,,
326,198.100006103516,0.198100006103516,0.17675016568363,1844.4112837977,1888.17052669531,,,,,
327,198.5,0.1985,0.177217436711366,1845.19089130368,1888.92045384365,,,,,
328,198.800003051758,0.198800003051758,0.177595021407973,1846.89862024068,1827.40624676767,,,,,
329,199.100006103516,0.199100006103516,0.177972137979975,1848.60396539721,1890.60640441267,,,,,
330,199.5,0.1995,0.178438224604483,1849.37953026298,2029.50973499302,,,,,
331,199.899993896484,0.199899993896484,0.178903958377991,1850.15470312098,2279.18817075363,,,,,
332,200.5,0.2005,0.179548453343927,1849.08304035374,2378.54641693327,,,,,
333,201.5,0.2015,0.180551222076094,1844.35195824738,2032.97508408729,,,,,
334,201.600006103516,0.201600006103516,0.180747376138536,1847.88297974518,2111.82751481809,,,,,
335,201.600006103516,0.201600006103516,0.180853154661292,1852.33152624515,1865.10293944525,,,,,
336,201.800003051758,0.201800003051758,0.181137692842782,1854.94247346758,1748.64623872618,,,,,
337,202,0.202,0.181421685124939,1857.5508201675,1806.09049050065,,,,,
338,203.100006103516,0.203100006103516,0.182513920846669,1851.91353312691,2038.22799261882,,,,,
339,203.199996948242,0.203199996948242,0.182707373187317,1855.42594196485,2003.34841151346,,,,,
340,204.300003051758,0.204300003051758,0.183799858961767,1849.83819857406,1902.17566497501,,,,,
341,205.100006103516,0.205100006103516,0.184622667959458,1847.0104660977,1936.88845412305,,,,,
342,205.5,0.2055,0.185085274479189,1847.79691935165,1782.36613771192,,,,,
343,205.800003051758,0.205800003051758,0.185457444557687,1849.48089206151,1782.13121648016,,,,,
344,206,0.206,0.185739019101153,1852.06103523493,1727.74238030509,,,,,
345,206.300003051758,0.206300003051758,0.186110292676529,1853.73949521229,2047.42001318057,,,,,
346,206.399993896484,0.206399993896484,0.18630061277176,1857.21342969435,2168.4603960314,,,,,
347,207.100006103516,0.207100006103516,0.187032204640776,1855.29545923103,2258.7213623778,,,,,
348,208.199996948242,0.208199996948242,0.188125179943376,1849.83211766094,2307.89942567458,,,,,
349,208.5,0.2085,0.188495273116144,1851.5053148572,1910.18618252868,,,,,
350,208.600006103516,0.208600006103516,0.188684054649815,1854.95271791555,1758.94126187419,,,,,
351,209.100006103516,0.209100006103516,0.189234234773545,1854.84407945549,1630.00712485482,,,,,
352,209.300003051758,0.209300003051758,0.189512558059433,1857.3967002736,1705.9913203055,,,,,
353,209.5,0.2095,0.189790389004379,1859.94665932138,1947.0584106729,,,,,
354,210.699996948242,0.210699996948242,0.190974110890353,1853.65439508839,1881.66995534041,,,,,
355,211.5,0.2115,0.191795530846077,1850.92946865848,1820.76496428599,,,,,
356,212.100006103516,0.212100006103516,0.19243555528061,1849.96997816167,1791.78560182534,,,,,
357,212.5,0.2125,0.192893899176367,1850.75837817757,1736.2255250499,,,,,
358,212.800003051758,0.212800003051758,0.193261132694041,1852.41592558998,1658.52720825561,,,,,
359,213.300003051758,0.213300003051758,0.193809701383237,1852.33245517529,1919.01485322177,,,,,
360,213.600006103516,0.213600006103516,0.194176251718711,1853.9857310744,2187.09704381785,,,,,
361,214.199996948242,0.214199996948242,0.194815259640478,1853.03759400679,2430.49287811102,,,,,
362,214.600006103516,0.214600006103516,0.195272178486458,1853.82271456097,2234.09493113192,,,,,
363,215.100006103516,0.215100006103516,0.195819834858643,1853.74479690497,2148.13023399774,,,,,
364,215.399993896484,0.215399993896484,0.19618511797725,1855.39047891599,2192.24929185113,,,,,
365,215.5,0.2155,0.19636780166884,1858.75686796935,2193.8271441386,,,,,
366,215.600006103516,0.215600006103516,0.196549947093917,1862.1220987921,2286.49213750631,,,,,
367,216.399993896484,0.216399993896484,0.197369984709103,1859.45193511013,2387.90308092981,,,,,
368,216.899993896484,0.216899993896484,0.19791634392925,1859.37145307994,2338.26060966425,,,,,
369,217.300003051758,0.217300003051758,0.198371226405583,1860.14880628683,2391.26867428532,,,,,
370,217.600006103516,0.217600006103516,0.198734495984544,1861.78045319709,2246.02466421782,,,,,
371,218,0.218,0.199188771290033,1862.55478959603,2000.90296561848,,,,,
372,218.199996948242,0.218199996948242,0.199459953141075,1865.03603426042,2203.22908796666,,,,,
373,218.800003051758,0.218800003051758,0.200096518115705,1864.10040270823,2249.79563902979,,,,,
374,219,0.219,0.200366998544472,1866.57484873683,2298.62530083384,,,,,
375,219.399993896484,0.219399993896484,0.200820112526915,1867.34284370915,2300.29551363169,,,,,
376,220.100006103516,0.220100006103516,0.201547690698594,1865.56342420361,2351.40106931302,,,,,
377,220.399993896484,0.220399993896484,0.201908777363311,1867.17984687527,2210.10886005612,,,,,
378,220.800003051758,0.220800003051758,0.202361192086353,1867.94709056021,2211.00558229771,,,,,
379,221.100006103516,0.221100006103516,0.202721652721857,1869.55855435929,2168.56635088661,,,,,
380,221.399993896484,0.221399993896484,0.203081763516363,1871.16752100383,1779.40159635722,,,,,
381,221.699996948242,0.221699996948242,0.203441554930606,1872.77373164966,1973.49080734592,,,,,
382,222.199996948242,0.222199996948242,0.203984617143257,1872.69023198805,2048.97236564358,,,,,
383,222.800003051758,0.222800003051758,0.204619347040274,1871.76826404698,2172.95916919123,,,,,
384,223.100006103516,0.223100006103516,0.204978340040162,1873.36866873233,2218.71393355523,,,,,
385,224.600006103516,0.224600006103516,0.206439979352072,1864.94883989212,2266.46309841534,,,,,
386,224.699996948242,0.224699996948242,0.20661485390137,1868.21030875283,2267.9438369524,,,,,
387,224.800003051758,0.224800003051758,0.206789272663139,1871.47038633104,2177.9444348189,,,,,
388,224.899993896484,0.224899993896484,0.206963211370371,1874.72931750008,2269.94913552904,,,,,
389,225.100006103516,0.225100006103516,0.207228768239888,1877.152498198,2320.01771814778,,,,,
390,225.300003051758,0.225300003051758,0.207493924476315,1879.57310549841,2660.88957229657,,,,,
391,225.600006103516,0.225600006103516,0.207850835194547,1881.15674220903,2425.05932878815,,,,,
392,226.300003051758,0.226300003051758,0.208576102509059,1879.40993855216,2427.18743014642,,,,,
393,226.699996948242,0.226699996948242,0.209024732096477,1880.16028561925,2324.93931563869,,,,,
394,226.899993896484,0.226899993896484,0.209288651949324,1882.56743177552,2377.75489159445,,,,,
395,227.800003051758,0.227800003051758,0.210198121029244,1879.17950011097,2328.30785600659,,,,,
396,228.300003051758,0.228300003051758,0.210738464355469,1879.10641377758,2381.09293444858,,,,,
397,228.399993896484,0.228399993896484,0.210909267631717,1882.32600898899,2550.47060710783,,,,,
398,228.699996948242,0.228699996948242,0.211264398903626,1883.89526141392,2613.81932442525,,,,,
399,228.800003051758,0.228800003051758,0.211434416196013,1887.10999457203,2284.09569796029,,,,,
400,229.100006103516,0.229100006103516,0.211788889153861,1888.67320470909,2495.60485822799,,,,,
401,229.300003051758,0.229300003051758,0.212050587272815,1891.058191148,2683.09866572669,,,,,
402,229.699996948242,0.229699996948242,0.212496947537475,1891.79188058269,2620.39538434524,,,,,
403,230,0.23,0.21285055123652,1893.34722254107,2389.90832725945,,,,,
404,230.800003051758,0.230800003051758,0.21366675222285,1890.79487471516,2339.88131893403,,,,,
405,231.300003051758,0.231300003051758,0.214205165640906,1890.71070619717,2504.4851907335,,,,,
406,231.5,0.2315,0.214465498373166,1893.07838827096,2566.03871250757,,,,,
407,231.699996948242,0.231699996948242,0.214725485619179,1895.4433789095,2507.80101065317,,,,,
408,232.399993896484,0.232399993896484,0.215448659816875,1893.7226174755,2397.69667373243,,,,,
409,232.600006103516,0.232600006103516,0.215708137225828,1896.08053391055,2841.33675283727,,,,,
410,232.600006103516,0.232600006103516,0.215781725700469,1900.06822250151,3178.98684934112,,,,,
411,232.699996948242,0.232699996948242,0.215947644613087,1903.23909638555,3090.75099869791,,,,,
412,233.199996948242,0.233199996948242,0.216484504746966,1903.13852015209,3007.20462642451,,,,,
413,233.699996948242,0.233699996948242,0.217021220574954,1903.03970692746,3284.29228462258,,,,,
414,233.800003051758,0.233800003051758,0.217186222412371,1906.19826341442,3098.12566876311,,,,,
415,233.899993896484,0.233899993896484,0.217350821937683,1909.3555584482,3014.61772349725,,,,,
416,234.199996948242,0.234199996948242,0.217700957976418,1910.87813240152,3017.59825164998,,,,,
417,234.5,0.2345,0.218050832990665,1912.3981058942,2714.16997982666,,,,,
418,234.899993896484,0.234899993896484,0.21849345581351,1913.10077660529,2786.07091204964,,,,,
419,235.300003051758,0.235300003051758,0.218935895254118,1913.80220915199,2717.88800926806,,,,,
420,235.399993896484,0.235399993896484,0.219098895875001,1916.94256752264,2652.89440394658,,,,,
421,235.5,0.2355,0.219261538367676,1920.08139290728,2654.6155308064,,,,,
422,236.399993896484,0.236399993896484,0.220168872371075,1916.7105479323,2592.10623842559,,,,,
423,236.800003051758,0.236800003051758,0.220610504665588,1917.40642922332,2725.40458635455,,,,,
424,237,0.237,0.220865549877631,1919.71993927942,2798.22693417049,,,,,
425,237.199996948242,0.237199996948242,0.221120289725441,1922.03076672752,2729.2105096892,,,,,
426,237.5,0.2375,0.221467981819966,1923.52861347831,2478.52376408681,,,,,
427,237.899993896484,0.237899993896484,0.221908699559465,1924.21478224011,2958.41968965928,,,,,
428,238.100006103516,0.238100006103516,0.222162635813452,1926.51657391835,3133.69709529188,,,,,
429,238.399993896484,0.238399993896484,0.22250958682212,1928.00681591735,2882.86163402759,,,,,
430,238.600006103516,0.238600006103516,0.222762959150625,1930.30296257309,2809.28965624207,,,,,
431,239.100006103516,0.239100006103516,0.22329619808928,1930.17168983627,2887.04630413919,,,,,
432,239.300003051758,0.239300003051758,0.22354905539073,1932.46175540724,3053.83648999657,,,,,
433,239.5,0.2395,0.223801623556761,1934.74914577722,3056.33426684138,,,,,
434,240,0.24,0.224334325444923,1934.61254375248,2973.403157732,,,,,
435,240.300003051758,0.240300003051758,0.22467990842755,1936.08766820497,2895.04657289001,,,,,
436,240.5,0.2405,0.224931729521436,1938.36592519709,2977.28531883299,,,,,
437,240.699996948242,0.240699996948242,0.225183269115745,1940.64151264889,2749.32423731588,,,,,
438,240.899993896484,0.240899993896484,0.225434529240977,1942.91443052099,2682.03989572663,,,,,
439,241.300003051758,0.241300003051758,0.225872736543003,1943.57232625293,2902.2019058129,,,,,
440,241.600006103516,0.241600006103516,0.226217135015581,1945.0339160634,3071.33589025957,,,,,
441,242,0.242,0.226654962510259,1945.68870284514,3073.71730979036,,,,,
442,242.5,0.2425,0.227186312817218,1945.53974013219,2830.99528367506,,,,,
443,242.800003051758,0.242800003051758,0.227530128869428,1946.99489777999,2623.68556021733,,,,,
444,243,0.243,0.227779985093885,1949.24940317734,2834.45045139232,,,,,
445,243.100006103516,0.243100006103516,0.227935820629049,1952.30393701133,2913.73798786705,,,,,
446,243.300003051758,0.243300003051758,0.228185119144531,1954.55339801324,3084.21648519088,,,,,
447,243.800003051758,0.243800003051758,0.228715595735172,1954.39230352082,2998.88250391696,,,,,
448,244.300003051758,0.244300003051758,0.229245961583187,1954.23289861285,2840.61850995154,,,,,
449,244.399993896484,0.244399993896484,0.229400757290407,1957.2733991963,2698.31145784764,,,,,
450,244.600006103516,0.244600006103516,0.229649152596311,1959.51082297714,2700.14575367775,,,,,
451,244.800003051758,0.244800003051758,0.22989727706503,1961.74572294924,2571.12776095337,,,,,
452,245.399993896484,0.245399993896484,0.230520888275555,1960.7767581552,2635.85195837369,,,,,
453,245.899993896484,0.245899993896484,0.231050488947688,1960.61043654646,2774.52289060447,,,,,
454,246.300003051758,0.246300003051758,0.231486006491421,1961.24166156378,2929.4984245399,,,,,
455,246.399993896484,0.246399993896484,0.231639324407088,1964.26060715137,2931.43190998118,,,,,
456,246.800003051758,0.246800003051758,0.232074463016067,1964.88658887225,2779.81168393011,,,,,
457,247.199996948242,0.247199996948242,0.232509435509911,1965.51163180868,2709.79044221921,,,,,
458,247.5,0.2475,0.232850184865634,1966.92993936976,2781.87208281542,,,,,
459,247.399993896484,0.247399993896484,0.232814310926835,1971.52828867228,2858.13998447825,,,,,
460,247.600006103516,0.247600006103516,0.233060454754124,1973.73681642085,2860.08622050747,,,,,
461,248,0.248,0.233494643051298,1974.34936397543,3113.4046678787,,,,,
462,248.699996948242,0.248699996948242,0.234211210539668,1972.57850696157,2942.25658391619,,,,,
463,249.100006103516,0.249100006103516,0.234645190537949,1973.19194541564,2717.55961025913,,,,,
464,249.399993896484,0.249399993896484,0.234984785436577,1974.59592602107,2305.55523546228,,,,,
465,249.5,0.2495,0.235135722497571,1977.58126694171,2357.87835595021,,,,,
466,249.600006103516,0.249600006103516,0.235286380857385,1980.56512366714,2358.68280905077,,,,,
467,250.199996948242,0.250199996948242,0.235908187357273,1979.58368987316,2654.69459266701,,,,,
468,250.800003051758,0.250800003051758,0.236529956953153,1978.60772490942,2724.10570969316,,,,,
469,251.399993896484,0.251399993896484,0.237151660926604,1977.63742479185,2797.41035908015,,,,,
470,251.5,0.2515,0.237301555646697,1980.60227089178,2658.57260429128,,,,,
471,251.899993896484,0.251899993896484,0.237734297472667,1981.20340652215,2532.78980630551,,,,,
472,252.100006103516,0.252100006103516,0.237978122194071,1983.37559624529,2729.48829867214,,,,,
473,252.399993896484,0.252399993896484,0.238316120033973,1984.75873110292,3230.5538673941,,,,,
474,252.600006103516,0.252600006103516,0.238559520179208,1986.92552552054,3814.58323916124,,,,,
475,252.899993896484,0.252899993896484,0.238897139426286,1988.30342272292,3047.74960095363,,,,,
476,253.199996948242,0.253199996948242,0.239234596368638,1989.67878068324,2806.36831417822,,,,,
477,253.5,0.2535,0.239571877729152,1991.05172327143,2735.23894226973,,,,,
478,253.5,0.2535,0.239625401391003,1994.78017449425,2809.22450993607,,,,,
479,253.600006103516,0.253600006103516,0.239773179287336,1997.72135242025,2540.39121288442,,,,,
480,254.399993896484,0.254399993896484,0.240582665091145,1995.15621717031,2541.42124163668,,,,,
481,255.100006103516,0.255100006103516,0.241297621627048,1993.38889772995,2605.15837653423,,,,,
482,255.399993896484,0.255399993896484,0.241634109919846,1994.75148669981,2741.60833977002,,,,,
483,255.600006103516,0.255600006103516,0.241875821284133,1996.89244437796,2321.05400714438,,,,,
484,256.200012207031,0.256200012207031,0.242495921765421,1995.90985479829,2272.07381815899,,,,,
485,256.5,0.2565,0.242831945603306,1997.26604666877,2675.63701111683,,,,,
486,256.700012207031,0.256700012207031,0.243073134589606,1999.39825032718,3156.65694590902,,,,,
487,256.799987792969,0.256799987792969,0.243219371740218,2002.30761437935,2979.86676622239,,,,,
488,257.5,0.2575,0.243933788860325,2000.54286156899,2612.21551226706,,,,,
489,257.700012207031,0.257700012207031,0.244174444739223,2002.66657930665,2822.73037394665,,,,,
490,257.799987792969,0.257799987792969,0.24432009283581,2005.56570813558,2823.9665104686,,,,,
491,257.899993896484,0.257899993896484,0.244465530009668,2008.46311535447,2615.06028437841,,,,,
492,258.399993896484,0.258399993896484,0.244989964655821,2008.24552422462,2492.56180450157,,,,,
493,259.100006103516,0.259100006103516,0.245703989348001,2006.47942798252,2827.54834872556,,,,,
494,259.399993896484,0.259399993896484,0.24603859098112,2007.81510750038,2684.72982316792,,,,,
495,259.700012207031,0.259700012207031,0.246373064084325,2009.14820717,2686.06225521591,,,,,
496,260.200012207031,0.260200012207031,0.246897138211907,2008.93377538582,2496.26082392785,,,,,
497,260.5,0.2605,0.247231308367803,2010.26319555215,2331.03263540929,,,,,
498,260.700012207031,0.260700012207031,0.247470421577678,2012.36170700782,2497.33211398177,,,,,
499,261.100006103516,0.261100006103516,0.247899214328216,2012.91481036857,2622.73489134762,,,,,
500,261.200012207031,0.261200012207031,0.24804301473778,2015.77940232898,2690.83227452741,,,,,
501,261.600006103516,0.261600006103516,0.248471521652907,2016.32765263076,2836.80241265827,,,,,
502,262.399993896484,0.262399993896484,0.249279908884012,2013.80047933817,2442.49256081472,,,,,
503,262.799987792969,0.262799987792969,0.24970826252577,2014.35064627903,2387.91321321889,,,,,
504,262.899993896484,0.262899993896484,0.249851404862154,2017.19898384427,2335.49549291865,,,,,
505,263.100006103516,0.263100006103516,0.250089386389013,2019.27801611891,2236.95897018485,,,,,
506,263.399993896484,0.263399993896484,0.250422233916627,2020.58735794388,2337.00904742221,,,,,
507,264.299987792969,0.264299987792969,0.251325486651263,2017.30435999716,2629.71695488017,,,,,
508,264.600006103516,0.264600006103516,0.251658178462912,2018.61112999698,2630.53906208808,,,,,
509,265.100006103516,0.265100006103516,0.252180960976977,2018.39186442972,2506.1227475628,,,,,
510,265.399993896484,0.265399993896484,0.252513369417184,2019.69504100757,2448.61318940292,,,,,
511,265.600006103516,0.265600006103516,0.252750495245684,2021.75667154791,2024.32487338036,,,,,
512,265.899993896484,0.265899993896484,0.253082599504933,2023.0549275278,2193.56774588465,,,,,
513,266.299987792969,0.266299987792969,0.253509764713714,2023.59069118827,2289.89496474164,,,,,
514,266.600006103516,0.266600006103516,0.253841632399781,2024.88455160298,2509.46288923442,,,,,
515,266.899993896484,0.266899993896484,0.254173330738932,2026.17638326882,2395.62266580449,,,,,
516,268.100006103516,0.268100006103516,0.255362152469967,2020.65965926837,2452.46523988593,,,,,
517,268.600006103516,0.268600006103516,0.255884269947909,2020.44463344795,2151.28368663482,,,,,
518,268.700012207031,0.268700012207031,0.256025190991423,2023.23840866641,2196.80155241072,,,,,
519,268.799987792969,0.268799987792969,0.256165877447709,2026.03096544716,2293.50246003554,,,,,
520,269.299987792969,0.269299987792969,0.256687649508428,2025.80841343879,2455.32531195641,,,,,
521,269.399993896484,0.269399993896484,0.256828025005276,2028.59481549686,2856.70708151627,,,,,
522,270.299987792969,0.270299987792969,0.257730986912938,2025.36763721132,2857.5106643561,,,,,
523,270.600006103516,0.270600006103516,0.258061837243446,2026.64603796733,2710.89630796311,,,,,
524,270.700012207031,0.270700012207031,0.258201775968079,2029.42058796985,2516.59092820582,,,,,
525,270.700012207031,0.270700012207031,0.258246110810601,2032.94445888108,2401.70037636601,,,,,
526,271.299987792969,0.271299987792969,0.258862686376542,2031.96531474946,2348.69120321027,,,,,
527,271.799987792969,0.271799987792969,0.259383819442067,2031.73814439765,2459.11388019052,,,,,
528,272.100006103516,0.272100006103516,0.259714007849015,2033.00547541876,2403.36614193837,,,,,
529,272.5,0.2725,0.260139506966881,2033.52426614443,2350.22943895572,,,,,
530,273.200012207031,0.273200012207031,0.260851366222804,2031.80841133607,2250.02552627952,,,,,
531,273.399993896484,0.273399993896484,0.261085715410184,2033.81483037386,2351.47660638984,,,,,
532,274.100006103516,0.274100006103516,0.261797492364579,2032.10502589206,2462.640108382,,,,,
533,274.5,0.2745,0.262222668098762,2032.62366241828,2352.53649739013,,,,,
534,274.700012207031,0.274700012207031,0.262456679695455,2034.62148732368,2251.72867746633,,,,,
535,274.899993896484,0.274899993896484,0.262690504833337,2036.61719840018,2586.15987526515,,,,,
536,275.299987792969,0.275299987792969,0.263115333403872,2037.12947119376,2465.01734797127,,,,,
537,275.600006103516,0.275600006103516,0.263444502107782,2038.37998403284,2794.93102426583,,,,,
538,276.100006103516,0.276100006103516,0.263964738926342,2038.15101285224,2653.75885646273,,,,,
539,276.700012207031,0.276700012207031,0.264580539361269,2037.18686680893,2526.33345851562,,,,,
540,276.799987792969,0.276799987792969,0.264718103192797,2039.9058224088,2206.85724190605,,,,,
541,277.200012207031,0.277200012207031,0.265142481991656,2040.41236974249,2356.67410678223,,,,,
542,277.399993896484,0.277399993896484,0.265375398192372,2042.38977573611,2411.69427127438,,,,,
543,278,0.278,0.265990907995785,2041.42316025556,2727.08201973295,,,,,
544,278.399993896484,0.278399993896484,0.266414985344415,2041.92718099821,2305.95859932256,,,,,
545,279.200012207031,0.279200012207031,0.267221835546584,2039.50399070211,2119.35389522994,,,,,
546,279.299987792969,0.279299987792969,0.267358601478665,2042.20098766327,2163.6605829243,,,,,
547,279.5,0.2795,0.26759096466695,2044.16468501023,2078.00418433652,,,,,
548,279.5,0.2795,0.267631662006631,2047.59031831751,2164.43531735538,,,,,
549,280.799987792969,0.280799987792969,0.268917130661277,2041.52111340021,2258.52912076794,,,,,
550,281.299987792969,0.281299987792969,0.269436522340495,2041.29713085054,2258.68136877175,,,,,
551,281.600006103516,0.281600006103516,0.269764278995734,2042.52394739303,2211.41457829942,,,,,
552,282,0.282,0.270187708040147,2043.02410351687,2079.64277263976,,,,,
553,282.399993896484,0.282399993896484,0.270611050681415,2043.52334691252,2000.42030724365,,,,,
554,282.600006103516,0.282600006103516,0.270842645766433,2045.46812940881,2260.37449113863,,,,,
555,283.399993896484,0.283399993896484,0.271649197519042,2043.07616245064,2260.72466497426,,,,,
556,283.600006103516,0.283600006103516,0.271880593916505,2045.01539440784,2213.21588544313,,,,,
557,284.100006103516,0.284100006103516,0.272399482808413,2044.79096016403,2123.40346197908,,,,,
558,284.299987792969,0.284299987792969,0.272630611459298,2046.72540993551,2167.93761512377,,,,,
559,285,0.285,0.27334117634008,2045.06327032307,2041.00721155013,,,,,
560,285.5,0.2855,0.273859882758918,2044.84130482512,2214.630377411,,,,,
561,285.899993896484,0.285899993896484,0.274282591043724,2045.33578986998,2041.50560041198,,,,,
562,286.5,0.2865,0.274897128637342,2044.40112847238,2169.33301351901,,,,,
563,286.799987792969,0.286799987792969,0.27522372953815,2045.60849802001,2042.1566200009,,,,,
564,287.299987792969,0.287299987792969,0.275742187494365,2045.38886532017,2216.18041416782,,,,,
565,287.700012207031,0.287700012207031,0.276164623705731,2045.88115747236,2367.72032568409,,,,,
566,288.299987792969,0.288299987792969,0.276778939528676,2044.95327919037,2368.1733244823,,,,,
567,288.5,0.2885,0.27700919461277,2046.86346528175,2481.42150188652,,,,,
568,289,0.289,0.277527395526719,2046.64479671274,2368.99905784788,,,,,
569,289.299987792969,0.289299987792969,0.277853444355839,2047.84216844654,2316.61626257666,,,,,
570,289.5,0.2895,0.278083354548016,2049.74512381891,2266.56737438634,,,,,
571,289.899993896484,0.289899993896484,0.278505254941091,2050.23061457414,2483.26577917517,,,,,
572,290.299987792969,0.290299987792969,0.27892707679101,2050.71521410085,2370.70168574574,,,,,
573,290.799987792969,0.290799987792969,0.279444921592605,2050.49351669865,2484.36159028581,,,,,
574,291.399993896484,0.291399993896484,0.280058828174802,2049.56938419285,2318.69014821923,,,,,
575,291.899993896484,0.291899993896484,0.280576581679276,2049.35136267814,2319.23589543948,,,,,
576,292.100006103516,0.292100006103516,0.280805894711589,2051.23899051906,2319.6422976858,,,,,
577,292.5,0.2925,0.281227355024992,2051.72075080934,2320.04679165962,,,,,
578,292.799987792969,0.292799987792969,0.281552574485813,2052.90255667374,2320.38187923021,,,,,
579,293.399993896484,0.293399993896484,0.282166224141305,2051.98195411951,2429.15198068835,,,,,
580,293.600006103516,0.293600006103516,0.282395119478726,2053.85985802667,2429.53101035427,,,,,
581,294,0.294,0.282816264448883,2054.33729609639,2430.12751118248,,,,,
582,294.399993896484,0.294399993896484,0.283237334685786,2054.81385653361,2549.89399445711,,,,,
583,294.899993896484,0.294899993896484,0.283754557040766,2054.59255379022,2375.48741357177,,,,,
584,295.299987792969,0.295299987792969,0.284175491141755,2055.06814698768,2271.81560258729,,,,,
585,295.799987792969,0.295799987792969,0.284692602408125,2054.84791333413,2272.32343134532,,,,,
586,296,0.296,0.284920905119061,2056.71114148373,2272.67344506604,,,,,
587,296.200012207031,0.296200012207031,0.28514908668197,2058.5722606739,2432.85466016636,,,,,
588,296.799987792969,0.296799987792969,0.285762236866202,2057.65466580985,2617.27124946423,,,,,
589,297.600006103516,0.297600006103516,0.286567989842981,2055.35866138689,2756.85612955141,,,,,
590,297.799987792969,0.297799987792969,0.286795901454591,2057.21210452311,2324.94436010648,,,,,
591,298.200012207031,0.298200012207031,0.287216368661703,2057.68216746765,2225.69812201825,,,,,
592,298.299987792969,0.298299987792969,0.28734773230375,2060.22158328435,2226.14872862185,,,,,
593,298.5,0.2985,0.287575330299192,2062.06839572451,2379.56759774125,,,,,
594,298.700012207031,0.298700012207031,0.287802811368156,2063.91312571355,2835.00515649704,,,,,
595,299.899993896484,0.299899993896484,0.288993780609027,2058.8678370382,2835.79482865073,,,,,
596,300.299987792969,0.300299987792969,0.289413877414393,2059.33456033494,2916.21224265852,,,,,
597,300.5,0.3005,0.289641149530884,2061.1712146804,2437.16888959401,,,,,
598,300.799987792969,0.300799987792969,0.289964681045343,2062.32013445282,2277.10296180949,,,,,
599,300.899993896484,0.300899993896484,0.290095320287895,2064.83854825905,2181.70578771749,,,,,
600,301.100006103516,0.301100006103516,0.290322249658264,2066.66902280571,2763.13729827593,,,,,
601,301.399993896484,0.301399993896484,0.290645474353573,2067.81131320448,2839.40507716428,,,,,
602,302.200012207031,0.302200012207031,0.291450853775018,2065.52834621204,2840.21710300704,,,,,
603,302.700012207031,0.302700012207031,0.291966875243674,2065.30278305284,2765.07235352915,,,,,
604,303.100006103516,0.303100006103516,0.292386380819316,2065.75969204684,2499.0316825669,,,,,
605,303.299987792969,0.303299987792969,0.292612855204502,2067.57833512535,2499.61624983388,,,,,
606,303.600006103516,0.303600006103516,0.292935741934684,2068.71307679184,2561.93161051121,,,,,
607,303.799987792969,0.303799987792969,0.29316200714047,2070.52750771062,2923.75203767499,,,,,
608,304.200012207031,0.304200012207031,0.293581222937,2070.97713510946,2767.95966307054,,,,,
609,304.700012207031,0.304700012207031,0.294096870196109,2070.74628027802,2562.94405153234,,,,,
610,304.899993896484,0.304899993896484,0.294322863752794,2072.55390295587,2628.60057152214,,,,,
611,305.100006103516,0.305100006103516,0.294548779172082,2074.35930210744,2629.14955888365,,,,,
612,305.399993896484,0.305399993896484,0.294871116461847,2075.48303592219,2502.60485136001,,,,,
613,306.100006103516,0.306100006103516,0.295579644654087,2073.89111898211,2333.7308151105,,,,,
614,306.799987792969,0.306799987792969,0.296288143713446,2072.3070194595,2503.37955153563,,,,,
615,306.899993896484,0.306899993896484,0.296417160852283,2074.77866069462,2444.76118183202,,,,,
616,307.200012207031,0.307200012207031,0.296739253213155,2075.89657697734,2445.26806541081,,,,,
617,307.600006103516,0.307600006103516,0.297157843716335,2076.33758639393,2335.29273962644,,,,,
618,308.299987792969,0.308299987792969,0.297866207278489,2074.75700465143,2505.13467667623,,,,,
619,308.5,0.3085,0.29809147021346,2076.54381910607,2701.64177028366,,,,,
620,308.799987792969,0.308799987792969,0.298413242835345,2077.65578400318,2633.54073055354,,,,,
621,309,0.309,0.298638310353327,2079.43849958593,2702.91435894174,,,,,
622,309.5,0.3095,0.299153234857676,2079.201985885,2775.97541994823,,,,,
623,309.899993896484,0.309899993896484,0.299571446010359,2079.63745642986,2852.83726816597,,,,,
624,310.299987792969,0.310299987792969,0.29998959670029,2080.07213204603,2448.13281160291,,,,,
625,310.5,0.3105,0.30021433014759,2081.84599213748,2507.95014069483,,,,,
626,310.700012207031,0.310700012207031,0.300438963478453,2083.61789280669,2508.48357320363,,,,,
627,311,0.311,0.300760181088683,2084.71745737884,2705.84772005999,,,,,
628,311.600006103516,0.311600006103516,0.301371489585191,2083.80693497047,2338.81787506753,,,,,
629,312.399993896484,0.312399993896484,0.30217621592358,2081.56687010427,2450.04966623995,,,,,
630,312.600006103516,0.312600006103516,0.302400562933037,2083.32945510921,2450.54363404916,,,,,
631,312.799987792969,0.312799987792969,0.302624782541873,2085.09030456781,2510.58397706277,,,,,
632,313,0.313,0.302848934333247,2086.84901398585,2340.34506444447,,,,,
633,314,0.314,0.303847110270755,2083.28458163035,2394.81859241218,,,,,
634,314.200012207031,0.314200012207031,0.304071146612438,2085.03834402967,2573.98002129147,,,,,
635,314.399993896484,0.314399993896484,0.304295057322187,2086.79038558179,2640.33367274049,,,,,
636,314.5,0.3145,0.304422100506078,2089.20442682282,2395.80235434631,,,,,
637,315.100006103516,0.315100006103516,0.305033055269471,2088.29826471516,2453.17420422229,,,,,
638,315.600006103516,0.315600006103516,0.305547171213722,2088.05729559099,2575.56422088514,,,,,
639,316.100006103516,0.316100006103516,0.306061249963193,2087.8173897442,2642.0372708719,,,,,
640,316.200012207031,0.316200012207031,0.306187963026912,2090.21933348748,2642.56457392291,,,,,
641,316.799987792969,0.316799987792969,0.306798749556247,2089.31751164939,2643.17524464731,,,,,
642,316.899993896484,0.316899993896484,0.306925285691739,2091.71427030875,2786.20012936426,,,,,
643,317.700012207031,0.317700012207031,0.30772975467112,2089.49570277075,2643.80092071848,,,,,
644,317.799987792969,0.317799987792969,0.307856104572816,2091.88640548032,2786.993652611,,,,,
645,318,0.318,0.308079260023866,2093.61707746907,2578.65908686794,,,,,
646,318.100006103516,0.318100006103516,0.308205428917711,2096.00461052384,2787.97277652501,,,,,
647,318.5,0.3185,0.308622172897673,2096.41450555958,2579.45588448708,,,,,
648,319.200012207031,0.319200012207031,0.309329604271231,2094.85283998815,3127.04656118228,,,,,
649,319.5,0.3195,0.309649345684412,2095.91917129851,2867.04519020778,,,,,
650,319.899993896484,0.319899993896484,0.310065947538679,2096.32823326695,2646.87760868039,,,,,
651,320.200012207031,0.320200012207031,0.310385585153854,2097.39121640365,2294.07530650701,,,,,
652,320.600006103516,0.320600006103516,0.310802072288533,2097.79811054386,2346.54627452336,,,,,
653,320.700012207031,0.320700012207031,0.31092766036403,2100.16696242295,2581.76186375496,,,,,
654,321.100006103516,0.321100006103516,0.311344016111202,2100.57032143638,2458.99013966169,,,,,
655,321.600006103516,0.321600006103516,0.311857296442023,2100.31962526735,2519.40470640666,,,,,
656,322.299987792969,0.322299987792969,0.312564483728003,2098.76692379054,2519.81844093222,,,,,
657,322.600006103516,0.322600006103516,0.312883755167996,2099.82138461372,2583.33106713435,,,,,
658,322.899993896484,0.322899993896484,0.313202928197961,2100.87435575988,2460.47016549331,,,,,
659,323.399993896484,0.323399993896484,0.313716055769462,2100.62567050847,2650.68258845621,,,,,
660,323.700012207031,0.323700012207031,0.314035139139604,2101.67563352392,2955.16326967602,,,,,
661,324,0.324,0.31435412504449,2102.72411696983,3042.70200838965,,,,,
662,324.299987792969,0.324299987792969,0.314673043426232,2103.77092613969,2585.10978295349,,,,,
663,324.600006103516,0.324600006103516,0.314991924235319,2104.81586665916,2522.18605794063,,,,,
664,324.700012207031,0.324700012207031,0.315116629265093,2107.15632985972,2585.79100581264,,,,,
665,324.799987792969,0.324799987792969,0.315241204228985,2109.49581171171,2586.21572780708,,,,,
666,325.399993896484,0.325399993896484,0.315851036263357,2108.58893445165,2586.59891823084,,,,,
667,326.299987792969,0.326299987792969,0.316752062837535,2105.74792796886,2797.87048849698,,,,,
668,326.700012207031,0.326700012207031,0.317167742755759,2106.1410413177,2654.10018982191,,,,,
669,327.100006103516,0.327100006103516,0.317583344339003,2106.53364518348,2351.49351893928,,,,,
670,327.399993896484,0.327399993896484,0.317901792602607,2107.56911596762,2027.61027680804,,,,,
671,327.700012207031,0.327700012207031,0.318220205684019,2108.6027474518,2201.16486408484,,,,,
672,327.700012207031,0.327700012207031,0.318247190278674,2111.56616783187,1988.53635891907,,,,,
673,328.200012207031,0.328200012207031,0.318759679513868,2111.30843470032,1951.00651547324,,,,,
674,328.799987792969,0.328799987792969,0.319369245706286,2110.40984397057,2249.74528435027,,,,,
675,329.600006103516,0.329600006103516,0.320173118470287,2108.23445523782,2407.96235907554,,,,,
676,329.799987792969,0.329799987792969,0.320394085338492,2109.90162095476,2466.00409004264,,,,,
677,331.200012207031,0.331200012207031,0.321780887156058,2103.91613368779,2156.32199198558,,,,,
678,331.700012207031,0.331700012207031,0.322293302266038,2103.67387479974,1915.56954322018,,,,,
679,331.399993896484,0.331399993896484,0.322028291982437,2108.5103914939,2069.81430655174,,,,,
680,331.399993896484,0.331399993896484,0.322054681439225,2111.44268097939,2409.22381870046,,,,,
681,331.600006103516,0.331600006103516,0.322275348998817,2113.09987597748,2467.37421457442,,,,,
682,332.200012207031,0.332200012207031,0.322884716602278,2112.20898646644,3351.66224986006,,,,,
683,333.299987792969,0.333299987792969,0.32398005902731,2108.15444027815,3585.99868944595,,,,,
684,333.5,0.3335,0.324200596986614,2109.80487499917,2883.25351071889,,,,,
685,333.600006103516,0.333600006103516,0.32432383287149,2112.08653380532,2593.01730652329,,,,,
686,333.700012207031,0.333700012207031,0.324446976845962,2114.36705827496,2252.53029654548,,,,,
687,334,0.334,0.324764481341426,2115.37911154069,2252.6677069776,,,,,
688,334.299987792969,0.334299987792969,0.325081925705704,2116.38957935436,2884.73845200483,,,,,
689,334.700012207031,0.334700012207031,0.325496596091952,2116.76560760519,2968.61689332466,,,,,
690,335.100006103516,0.335100006103516,0.325911192529545,2117.14115935877,2807.08642725102,,,,,
691,335.899993896484,0.335899993896484,0.326714800941078,2114.99447839408,2412.24086870899,,,,,
692,336.5,0.3365,0.327323897742499,2114.11389382998,2304.33773477306,,,,,
693,336.600006103516,0.336600006103516,0.327446577800633,2116.37576014594,2159.32048604913,,,,,
694,336.700012207031,0.336700012207031,0.327569169072317,2118.63650649853,2205.87036630848,,,,,
695,337,0.337,0.327886245450925,2119.63755614147,2206.06647266882,,,,,
696,337.700012207031,0.337700012207031,0.328592499844813,2118.12503428626,2663.7230465383,,,,,
697,338.200012207031,0.338200012207031,0.329104122987309,2117.87076282505,2305.25107180803,,,,,
698,338.799987792969,0.338799987792969,0.32971301222788,2116.99257873869,2206.5421214251,,,,,
699,339.100006103516,0.339100006103516,0.330029954059281,2117.98956853002,2115.92481772083,,,,,
700,339.5,0.3395,0.330444147507961,2118.36101586013,2255.54510097873,,,,,
701,339.5,0.3395,0.330468944981313,2121.22806286575,2160.7133788288,,,,,
702,340.700012207031,0.340700012207031,0.331661820028837,2116.61384460522,2306.47405547256,,,,,
703,341,0.341,0.331978555641845,2117.60665878199,2415.10903371806,,,,,
704,341.299987792969,0.341299987792969,0.332295234911826,2118.59793953051,2415.39450463682,,,,,
705,341.299987792969,0.341299987792969,0.332319763537378,2121.45071510532,2415.63681770253,,,,,
706,342.200012207031,0.342200012207031,0.333220600960853,2118.7165438278,2360.48743835149,,,,,
707,342.399993896484,0.342399993896484,0.333439745135875,2120.3231177852,3065.26019787587,,,,,
708,342.799987792969,0.342799987792969,0.333853612035337,2120.68995055552,3065.74409659632,,,,,
709,343.100006103516,0.343100006103516,0.33417006449706,2121.67418726473,2814.0293206809,,,,,
710,343.5,0.3435,0.334583842650342,2122.03911096206,2475.19292908593,,,,,
711,343.600006103516,0.343600006103516,0.334705358121043,2124.25640268021,2894.09093665808,,,,,
712,343.799987792969,0.343799987792969,0.334924185816554,2125.85423851707,2739.99428283949,,,,,
713,344.100006103516,0.344100006103516,0.335240406495966,2126.8319277276,2475.8178634933,,,,,
714,344.700012207031,0.344700012207031,0.335848858154664,2125.95631238142,2417.77389400733,,,,,
715,345.200012207031,0.345200012207031,0.336359852648206,2125.69958742314,2476.37607977013,,,,,
716,345.5,0.3455,0.336675917403517,2126.67423771167,2476.7495927603,,,,,
717,345.899993896484,0.345899993896484,0.337089387787551,2127.0322530945,2538.36119025828,,,,,
718,346.700012207031,0.346700012207031,0.337892681365699,2124.93504475438,2538.68524181073,,,,,
719,347.100006103516,0.347100006103516,0.3383061005527,2125.29421971803,2603.30337216159,,,,,
720,347.399993896484,0.347399993896484,0.338622001507428,2126.26467505008,2818.15228976913,,,,,
721,347.5,0.3475,0.338742907992549,2128.45784513328,2259.60939343084,,,,,
722,347.600006103516,0.347600006103516,0.33886373549072,2130.64994681253,2363.97895044013,,,,,
723,347.899993896484,0.347899993896484,0.339179453304647,2131.61496946753,2743.57349127861,,,,,
724,348.399993896484,0.348399993896484,0.339690131556349,2131.35423358597,2743.88659256477,,,,,
725,348.600006103516,0.348600006103516,0.339908276924745,2132.92834925733,2604.79350871867,,,,,
726,349.799987792969,0.349799987792969,0.341101461052376,2128.39897478048,2479.20395624639,,,,,
727,350,0.35,0.341319543897079,2129.96886055613,2479.56114753265,,,,,
728,350.200012207031,0.350200012207031,0.341537562770112,2131.53714073323,2421.2550296066,,,,,
729,350.600006103516,0.350600006103516,0.341950566044495,2131.88709828058,2480.02942730836,,,,,
730,351.100006103516,0.351100006103516,0.342461077413648,2131.6291051618,2365.82400709987,,,,,
731,351.399993896484,0.351399993896484,0.342776460768554,2132.58517916019,2901.57920975887,,,,,
732,351.5,0.3515,0.342896707216363,2134.75365786502,2822.13552334919,,,,,
733,351.899993896484,0.351899993896484,0.343309542815138,2135.09940326564,2822.56140506925,,,,,
734,352.299987792969,0.352299987792969,0.343722341775263,2135.44454576047,2747.19233490341,,,,,
735,352.700012207031,0.352700012207031,0.344135134024001,2135.78890189323,2823.15335849888,,,,,
736,353.100006103516,0.353100006103516,0.344547860160271,2136.13284278602,2903.52598048924,,,,,
737,353.399993896484,0.353399993896484,0.34486295983769,2137.08077071214,2676.42435744916,,,,,
738,353.600006103516,0.353600006103516,0.345080444062983,2138.63176745334,2904.36757447378,,,,,
739,354.100006103516,0.354100006103516,0.345590646090201,2138.36806163763,2676.97411579397,,,,,
740,354.5,0.3545,0.346003215841905,2138.70844581433,2749.11095916589,,,,,
741,354.700012207031,0.354700012207031,0.346220549117408,2140.25424513066,2677.5196151729,,,,,
742,355.100006103516,0.355100006103516,0.346633035490378,2140.59228068179,2677.83524929725,,,,,
743,355.200012207031,0.355200012207031,0.346752633175975,2142.73787395561,2483.35842516412,,,,,
744,355.899993896484,0.355899993896484,0.347457902736051,2141.26659414388,2678.41827039453,,,,,
745,356.200012207031,0.356200012207031,0.347772673631727,2142.20396392879,2610.39078061968,,,,,
746,356.700012207031,0.356700012207031,0.348282660063634,2141.93838953596,2610.74349449047,,,,,
747,357,0.357,0.34859731952342,2142.8736199729,2751.31333508322,,,,,
748,357.5,0.3575,0.349107249013355,2142.60804412968,2679.72194435894,,,,,
749,357.700012207031,0.357700012207031,0.349324192904204,2144.14007164227,2679.83337408249,,,,,
750,358.200012207031,0.358200012207031,0.349834059895693,2143.87358458928,2752.20538887904,,,,,
751,358.399993896484,0.358399993896484,0.350050875620607,2145.4024323423,2993.99225085798,,,,,
752,358.600006103516,0.358600006103516,0.350267663314292,2146.9295591961,2909.2699128386,,,,,
753,358.799987792969,0.358799987792969,0.350484363634447,2148.45533247633,2612.43878569944,,,,,
754,359.5,0.3595,0.351189478026034,2146.98915308648,2681.24157218696,,,,,
755,359.700012207031,0.359700012207031,0.351406123388205,2148.51122319783,2681.45621377917,,,,,
756,359.899993896484,0.359899993896484,0.351622682068412,2150.03194774822,2427.31187083825,,,,,
757,360.299987792969,0.360299987792969,0.352034608018334,2150.35676253903,2548.51521458118,,,,,
758,361.200012207031,0.361200012207031,0.352935089900859,2147.70370442034,2613.91525652806,,,,,
759,361.299987792969,0.361299987792969,0.353053808356886,2149.81394346768,2996.90486347909,,,,,
760,361.799987792969,0.361799987792969,0.353563376805144,2149.54390035383,2682.93599463393,,,,,
761,362.399993896484,0.362399993896484,0.354170659369922,2148.68165915787,2683.24822490389,,,,,
762,362.399993896484,0.362399993896484,0.354191516679101,2151.37846085223,2832.0822126094,,,,,
763,362.5,0.3625,0.35431004236486,2153.48115708863,3638.08250731326,,,,,
764,362.700012207031,0.362700012207031,0.354526253951711,2154.98849939633,2832.56120990526,,,,,
765,363.299987792969,0.363299987792969,0.35513338338248,2154.12021453385,3089.54923410534,,,,,
766,363.5,0.3635,0.355349508348287,2155.62420097462,2913.71432405589,,,,,
767,363.700012207031,0.363700012207031,0.355565578961012,2157.12668881287,2833.47917321894,,,,,
768,363.799987792969,0.363799987792969,0.35568379061886,2159.22125285424,2757.46832936448,,,,,
769,364.700012207031,0.364700012207031,0.356584182198422,2156.57350603423,2616.6723117535,,,,,
770,364.899993896484,0.364899993896484,0.356800094928814,2158.07117471094,2834.42838908281,,,,,
771,365.700012207031,0.365700012207031,0.357602704823877,2156.0239606681,2758.33020931603,,,,,
772,365.799987792969,0.365799987792969,0.357720746784095,2158.10798490238,2758.67132570425,,,,,
773,366,0.366,0.357936557271127,2159.60058925882,2430.98843941854,,,,,
774,366.399993896484,0.366399993896484,0.358347901758004,2159.91218646144,2835.642760263,,,,,
775,366.700012207031,0.366700012207031,0.358661431590901,2160.812208222,2552.67928901486,,,,,
776,367,0.367,0.358974890097805,2161.71108733698,2686.993002314,,,,,
777,367.200012207031,0.367200012207031,0.3591905124233,2163.19744850142,2490.82877606536,,,,,
778,367.799987792969,0.367799987792969,0.359797343706094,2162.32835958767,2553.3492927873,,,,,
779,368.100006103516,0.368100006103516,0.360110719511279,2163.22358039553,2618.98014988742,,,,,
780,368.700012207031,0.368700012207031,0.360717547482699,2162.35668445659,2491.51909598631,,,,,
781,369.299987792969,0.369299987792969,0.361324337143496,2161.49292952231,2432.42078713096,,,,,
782,369.700012207031,0.369700012207031,0.36173547477186,2161.80069287701,2432.65994490889,,,,,
783,369.799987792969,0.369799987792969,0.361852981877916,2163.86222917509,2619.91556777904,,,,,
784,370.100006103516,0.370100006103516,0.362166181938718,2164.75209199035,2492.33589603834,,,,,
785,370.600006103516,0.370600006103516,0.362675047226482,2164.47204185455,2762.00228793762,,,,,
786,371,0.371,0.363086020891008,2164.77626450935,3193.9866309469,,,,,
787,371.200012207031,0.371200012207031,0.3633012390462,2166.24639669869,3407.46665446154,,,,,
788,371.5,0.3715,0.363614260603335,2167.13172550629,2762.76951043688,,,,,
789,372,0.372,0.364123019785851,2166.85009495974,2555.64783182214,,,,,
790,372.200012207031,0.372200012207031,0.364338109291671,2168.31558339006,2763.24972677072,,,,,
791,372.299987792969,0.372299987792969,0.36445522063033,2170.36265424311,2621.60065208752,,,,,
792,372.5,0.3725,0.364670206352258,2171.82535398836,2621.89905128753,,,,,
793,373.299987792969,0.373299987792969,0.365472538255031,2169.79366982325,2434.58165706978,,,,,
794,373.899993896484,0.373899993896484,0.366079084129499,2168.930251473,2556.648746532,,,,,
795,374.100006103516,0.374100006103516,0.366293974572469,2170.38787200338,2556.90651689235,,,,,
796,374.700012207031,0.374700012207031,0.366900484391403,2169.52561760818,2435.20413478397,,,,,
797,374.899993896484,0.374899993896484,0.36711526842124,2170.98025758355,2378.68360743593,,,,,
798,375.5,0.3755,0.367721742466168,2170.11916306097,2557.48880586821,,,,,
799,375.799987792969,0.375799987792969,0.36803439009574,2170.99276997497,2495.11412672255,,,,,
800,376,0.376,0.368249085283141,2172.4425992393,2324.86291294049,,,,,
801,376.299987792969,0.376299987792969,0.368561652554111,2173.31345908918,2495.4645976541,,,,,
802,376.600006103516,0.376600006103516,0.368874212285935,2174.18288752136,2558.23725697208,,,,,
803,377.100006103516,0.377100006103516,0.369382623795603,2173.89760175708,2924.97098120845,,,,,
804,377.799987792969,0.377799987792969,0.370086916834585,2172.46263898423,2693.64063637945,,,,,
805,378.299987792969,0.378299987792969,0.370595303456997,2172.18079260794,2325.58653487852,,,,,
806,378.600006103516,0.378600006103516,0.370907754223802,2173.04704693142,2379.99897872587,,,,,
807,378.700012207031,0.378700012207031,0.371024210006993,2175.06022042279,2437.02352671658,,,,,
808,378.799987792969,0.378799987792969,0.3711405798031,2177.07263492627,2496.79235744354,,,,,
809,379.399993896484,0.379399993896484,0.371746837801252,2176.21218995417,2767.78999323929,,,,,
810,380.200012207031,0.380200012207031,0.372549075780172,2174.21019849195,2767.97547878873,,,,,
811,380.399993896484,0.380399993896484,0.37276333502935,2175.64315958313,2625.75672124559,,,,,
812,380.600006103516,0.380600006103516,0.37297757849901,2177.0745664331,2626.04791608619,,,,,
813,381,0.381,0.373387762617094,2177.3611280178,2560.39659456715,,,,,
814,381.299987792969,0.381299987792969,0.373699907713382,2178.21835970138,2695.85642157536,,,,,
815,381.799987792969,0.381799987792969,0.374208052224691,2177.93282414628,3014.64313960734,,,,,
816,382.299987792969,0.382299987792969,0.374716180160252,2177.64815933763,2928.40726533015,,,,,
817,382.399993896484,0.382399993896484,0.374832213638131,2179.64190449422,2498.32516633558,,,,,
818,382.600006103516,0.382600006103516,0.375046224741552,2181.064482288,2627.19635155912,,,,,
819,383,0.383,0.375456234162263,2181.346121013,2561.42231968338,,,,,
820,383.399993896484,0.383399993896484,0.375866217988023,2181.62729385308,2770.33623214949,,,,,
821,383.700012207031,0.383700012207031,0.376178160596269,2182.47651245532,3016.35232786407,,,,,
822,384.5,0.3845,0.37698026002932,2180.48552445708,2628.00411143281,,,,,
823,384.700012207031,0.384700012207031,0.377194101642369,2181.90050272927,2276.23642440431,,,,,
824,385.100006103516,0.385100006103516,0.377603988630907,2182.18033921624,2382.74279517823,,,,,
825,385.299987792969,0.385299987792969,0.377817722373733,2183.59264572539,2499.73480292586,,,,,
826,385.5,0.3855,0.378031442740032,2185.00343255318,2698.43562785179,,,,,
827,386.100006103516,0.386100006103516,0.378637382723102,2184.14778290602,2931.25441456307,,,,,
828,386.899993896484,0.386899993896484,0.379439441497416,2182.1663998144,2629.15105678597,,,,,
829,387.100006103516,0.387100006103516,0.379653078244736,2183.57244417126,2440.47546371224,,,,,
830,387.299987792969,0.387299987792969,0.379866642348357,2184.97732485509,2440.6757371023,,,,,
831,387.299987792969,0.387299987792969,0.379884011459185,2187.50980544829,2383.78757590483,,,,,
832,387.799987792969,0.387799987792969,0.380391768750746,2187.21872645244,2629.92955571668,,,,,
833,388.399993896484,0.388399993896484,0.380997610753871,2186.36541670632,2850.65312109099,,,,,
834,389.100006103516,0.389100006103516,0.381701550826755,2184.95313470323,2699.88373049816,,,,,
835,389.299987792969,0.389299987792969,0.381914948337831,2186.35066166979,2773.62909651678,,,,,
836,389.600006103516,0.389600006103516,0.382226447404491,2187.18512462143,2564.52869176389,,,,,
837,389.799987792969,0.389799987792969,0.382439765938372,2188.57994002349,2630.8807639835,,,,,
838,390.299987792969,0.390299987792969,0.382947409522712,2188.29003451007,2330.16932883855,,,,,
839,390.700012207031,0.390700012207031,0.38335694144708,2188.56086662466,2384.76414242612,,,,,
840,390.799987792969,0.390799987792969,0.383472027081506,2190.51179923864,2384.94617376209,,,,,
841,391.100006103516,0.391100006103516,0.383783363426709,2191.34042833674,2502.26573005181,,,,,
842,391.5,0.3915,0.384192777195104,2191.60809359102,2442.47173517623,,,,,
843,392.600006103516,0.392600006103516,0.385289144367432,2187.96717302803,2565.60136234965,,,,,
844,393.200012207031,0.393200012207031,0.385894837626944,2187.12436059049,2565.78033585658,,,,,
845,393.399993896484,0.393399993896484,0.386107915084844,2188.50732395454,2190.51179923864,,,,,
846,393.5,0.3935,0.386222825518894,2190.44537013935,2191.34042833674,,,,,
847,393.799987792969,0.393799987792969,0.386533979130681,2191.26919166308,2191.60809359102,,,,,
848,394.100006103516,0.394100006103516,0.38684513118234,2192.09169676817,2187.96717302803,,,,,
849,394.5,0.3945,0.387254391224932,2192.35732179695,2187.12436059049,,,,,
